ClassName,Time,GroupNo
rentals.tests.apis.v3.test_rentals.TestV3RentalAPIAsDispatcher,440.1220000000001,1
trips.tests.apis.test_scheduled_trip_requests.TestCustomerPackageScheduledTripRequest,28.332,1
vehicle_automation.tests.utils.test_transactional_alerts_jobs_automation.TestTransactionalRulePoorRating,24.967,1
service_regions.tests.test_serviceregions.TestServiceRegionAPI,22.084000000000003,1
trips.tests.utils.test_task_ordering.FifoTaskOrderingTestCase,20.919,1
trips.tests.apis.test_scheduled_trip_requests.TestScheduledTripRequestDriverValidation,19.849000000000004,1
trips.tests.apis.test_scheduled_trip_requests.TestCustomerScheduledTripRequestCreation,18.843999999999998,1
hardware_sdk_mensa.tests.test_webhooks.TestMensaSynthesis,17.741999999999997,1
websockets.tests.apis.test_scheduling.TestScheduledRentalRequestsAsDispatcher,16.858,1
payments.tests.apis.v3.test_business_entity.TestBusinessEntityAPI,16.023000000000003,1
users.tests.apis.test_customers.TestCustomersAPIAsBusinessAdmin,15.325,1
vehicle_lifecycle.tests.test_lifecycle_tasks.TestCreateLifecycleForVehicles,14.654,1
afm_integration.tests.test_webhook_api.TestAfmApiViewSet,14.070999999999996,1
rentals.tests.tasks.test_scheduling.TestSchedulingTasksConversion,13.396,1
vehicle_lifecycle.tests.test_life_cycle_planned_date_setup.TestLifeCyclePlannedDateTimeSet,13.251,1
vehicle_automation.tests.test_automation_alert_to_job.TestCreateDuplicateJob,12.511,1
users.tests.models.test_carsharing_customers_can_reserve_car.TestBusinessCustomers,12.412999999999998,1
users.tests.apis.v2.test_carsharing_customers.TestTurningCustomerIntoDriver,12.020000000000001,1
payments.tests.commands.test_reconcile_default_stripe_card.TestReconcileDefaultStripeCard,11.454999999999998,1
ops_center.tests.analytics.test_promotion_reports.PromotionReportsTests,11.337,1
hardware_sdk_geotab.tests.test_webhooks.TestGeotabNotificationCallback,11.036999999999999,1
users.tests.apis.test_customers.TestCustomerSearchAsServiceManager,10.925,1
payments.tests.apis.v3.test_subscription.TestBraintreeSubscriptionAPIAsCustomer,10.757,1
service_regions.tests.test_pricingregions.TestPricingRegionAPI,10.480999999999998,1
promotions.tests.serializers.test_payload_validation.MultiTripAwardPayloadValidationTest,10.359000000000002,1
rentals.tests.tasks.test_rentals.TestAutoDecoupleRentalTask,9.83,1
rest_utils.tests.test_authentication.TestJWTAuthentication,9.610000000000001,1
services.tests.utils.test_carsharing_service_utils.TestValidateStationServices,9.430000000000001,1
data_pipeline.tests.models.test_data_pipeline.TestDataPipelineWhenEnabled,9.146,1
trips.tests.apis.test_trips.TestTripActionsAsDispatcherWithExemptions,8.932,1
rentals.tests.apis.v3.test_scheduling.TestScheduledRentalRequestPriceCheck,8.816,1
rentals.tests.models.test_rentals.TestScheduledRentalManualWithValetRequests,8.699000000000002,1
rentals.tests.apis.v2.test_pricing.TestVehicleTypePricingAPI,8.472000000000001,1
trips.tests.apis.test_trips.TestTripFindByDispatchPinAsDriver,8.385,1
users.tests.models.test_customer_history_2.TestCustomerHistoryGeneratedByCustomers,8.224999999999998,1
rentals.tests.apis.v3.test_scheduling.TestSRRPricingSnapshotAsCustomer,8.006,1
users.tests.apis.test_drivers.TestDriverListFilteringAsDispatcher,7.835000000000001,1
websockets.tests.apis.test_notifications.NotificationsTestCaseAsDispatcher,7.630999999999999,1
firebase.tests.test_carsharing_firebase.TestFirebaseTasks,7.496000000000001,1
users.tests.apis.v3.test_customers.TestCustomerAssociateBusinessEntityAPI,7.412,1
vehicles.tests.apis.v3.test_vehicle_type_details.TestVehicleTypeDetailsV3API,7.129999999999999,1
trips.tests.apis.test_scheduled_trip_requests.TestCompareV2V3ListAPIForScheduledTrip,6.758,1
users.tests.views.test_registration.LoginStaffTestCase,6.587999999999999,1
users.tests.apis.v2.test_carsharing_customers.TestCustomerAPIV2DriverLicenseAddress,6.324,1
services.tests.apis.v3.test_carsharing_services.TestCarsharingServicesAPIV3AsServiceManagerInOtherService,6.159,1
payments.tests.tasks.test_payments.TestDebitFailedCustomerIOEvent,6.039,1
rentals.tests.apis.v3.test_scheduling.TestScheduledRentalRequestCancellationFees,5.852,1
activities.tests.apis.test_apis.TestActivityAPIAsDispatcher,5.679,1
django_utils.tests.apis.v3.test_documentation.TestAPIV3DocsRendering,5.473,1
hardware_sdk_geotab.tests.test_interface.TestCancelReservation,5.416,1
rentals.tests.tasks.test_rentals.TestRentalTasks,5.317,1
afm_integration.tests.test_signals.TestTicketUpdateSignal,5.171,1
payments.tests.apis.test_customers_cards.TestAddCard,5.122,1
driver_scheduling.tests.apis.test_slots.TestAssignmentsAsManager,5.053,1
stations.tests.test_apis.StationViewSetTestSelectedCarsharingService,4.791,1
payments.tests.utils.test_carsharing_payment_utils.TestCalculateShortTripFareCallsWithSnapshottedShortTripPricingEnabledFlag,4.688000000000001,1
vehicles.tests.apis.v3.test_registered_hw_devices.TestVehicleCombinations,4.667,1
rentals.tests.apis.v2.test_scheduled_rentals.TestRentalUtils,4.615,1
hardware_sdk_geotab.tests.test_vendor_tasks.TestEndRentalFlow,4.591,1
rest_utils.tests.test_authentication.TestJWTAuthenticationSoftResetAndMFA,4.452999999999999,1
services.tests.apis.test_services.TestServiceFields,4.37,1
vehicles.tests.models.test_carsharing_vehicles_2.TestFlippingServicesOfTicketSignal,4.232,1
users.tests.apis.test_drivers.TestDriverViewSetAsManager,4.17,1
users.tests.apis.v2.test_carsharing_customers.TestUserInviteDetails,4.148000000000001,1
trips.tests.models.test_trips.TestTripModel,4.029,1
services.tests.apis.v2.test_services.TestCarsharingServicesAPIDispatcher,4.019,1
trips.tests.apis.test_scheduled_trip_requests.TestScheduledTripRequestAvailability,3.848,1
calendars.tests.apis.test_calendars.CalendarsTestCase,3.803,1
payments.tests.apis.v3.test_business_entity.TestBusinessEntityAPIAsDispatcher,3.7699999999999996,1
payments.tests.apis.test_customers_cards.TestTRMSAddCard,3.6319999999999997,1
users.tests.apis.v3.test_carsharing_customers.TestCustomerValidatePIN,3.584,1
users.tests.apis.v3.test_carsharing_customers.TestCarsharingCustomerUpload,3.445,1
payments.tests.apis.test_customers_cards.TestGetActiveCard,3.3999999999999995,1
vehicles.tests.apis.v3.test_carsharing_vehicles.TestVehicleAPIV3UpdateGroupsAsDispatcher,3.3569999999999998,1
users.tests.apis.v3.test_carsharing_customers.TestReservationSteps,3.3099999999999996,1
trips.tests.apis.test_scheduled_trip_requests.TestScheduledTripUpcomingNotifications,3.2560000000000002,1
pricing_engine.tests.test_engine.TestRentalFare,3.173,1
users.tests.apis.v2.test_carsharing_customers.TestCustomerUUIDField,3.166,1
services.tests.apis.v3.test_services.TestRidesharingServicesAPIV3AsDispatcherAccessRestrictions,3.036,1
django_utils.tests.apis.test_translation.DRFTranslationTestCase,3.014,1
rentals.tests.apis.v3.test_scheduling.TestSRDateTimeAPIPeriodContiguousWeekEndBreak,2.9560000000000004,1
trips.tests.models.test_trips.TripTestCase,2.885,1
ops_center.tests.apis.v3.test_service_prefences.TestOpsCenterServicePreferences,2.8659999999999997,1
rentals.tests.apis.v3.test_availability.TestServiceAvailabilityAPIForModifyingSRR,2.7920000000000003,1
vehicle_markers.tests.test_apis.TestVehicleMarkerTypeAPIAsDispatcher,2.786,1
users.tests.apis.test_customer_signup.TestCustomerSignup,2.765,1
rest_utils.tests.test_authentication.TestMFAVerifyAPI,2.684,1
hardware_sdk_otakeys.tests.test_webhooks.TestSynthesisPushView,2.675,1
hardware_sdk_mensa.tests.apis.test_parameters_cache.TestMensaDeviceParametersCacheViewSet,2.623,1
ops_center.tests.views.test_dispatch_ui.TestVehiclePicView,2.585,1
services.tests.apis.v2.test_configurations.TestConfigurationEditingAsAdmin,2.519,1
payments.tests.utils.test_carsharing_payment_utils.TestBuildPaymentDisplay,2.51,1
trips.tests.models.test_trips.TestTripRatingsAsCustomer,2.435,1
uber_integration.tests.test_rental_events_triggering.RentalEventsTest,2.418,1
hardware_sdk_mensa.tests.test_mensa_action_status.TestMensaActionStatus,2.349,1
rentals.tests.utils.test_core_rental_flow.TestEndRentalFlow,2.343,1
payments.tests.tasks.test_payments.TestChargeRegistrationFee,2.291,1
uber_integration.tests.test_rentals_api.UberRentalApiTest,2.263,1
payments.tests.utils.test_carsharing_payment_utils.TestCalculateShortTripFareCallsWhenPricingSnapshotDisabled,2.2479999999999998,1
users.tests.apis.test_drivers.DriverStateTestCase,2.21,1
promotions.tests.models.test_credits.TestCouponsUsedCreationDict,2.201,1
django_utils.tests.utils.test_middleware.MiddlewareTests,2.136,1
trips.tests.models.test_scheduled_trip_requests.TestScheduledTripRequestSlots,2.12,1
users.tests.commands.test_delete_carsharing_creditcards.TestDeleteCarsharingCreditCardsCommand,2.089,1
rentals.tests.models.test_rentals.TestScheduledRentalRequestsFallbackAssignment,2.0639999999999996,1
rentals.tests.apis.v3.test_vehicle_leasing.TestSRRVehicleLeasingV3API,2.0140000000000002,1
stations.tests.test_apis.StationViewSetTestAddRemoveCarsharingServices,1.985,1
payments.tests.models.test_rental_payments.TestCarsharingPricing,1.941,1
users.tests.apis.test_customers.TestCustomersAPIDispatcherAndCustomer,1.941,1
trips.tests.apis.test_create_trip.TestTripCreationExclusiveService,1.93,1
services.tests.apis.v3.test_carsharing_services.TestCarsharingServicesAPIV3Anonymous,1.8239999999999998,1
vehicles.tests.apis.test_carsharing_vehicles.TestVehicleUpdate,1.798,1
rentals.tests.apis.v3.test_addon_availability.TestAddonAvailability,1.787,1
users.tests.apis.test_customers.TestIdentityAPIAsSupplierManager,1.755,1
users.tests.apis.v2.test_carsharing_customers.TestCustomerRegistrationCurrency,1.714,1
rentals.tests.tasks.test_scheduling.TestSchedulingTasksNoShow,1.6999999999999997,1
vehicle_conditions.tests.apis.test_vehicle_condition.TestVehicleConditionApiAsAFMClient,1.637,1
damages.tests.tasks.test_damages.TestDamageTasks,1.6289999999999998,1
payments.tests.models.test_rental_payments.TestRentalEnded,1.579,1
rider_web.tests.test_app_views.TestAppViews,1.574,1
hardware_sdk_mensa.tests.apis.test_mensa_bluetooth.TestRegisterMensaMobileDeviceViewSet,1.5459999999999998,1
vehicles.tests.utils.test_vehicle_csv_import.TestCSVImport,1.543,1
rest_utils.tests.test_paginator.TestV3StandardPagination,1.464,1
payments.tests.tasks.test_rental_payments.TestPaymentTasks,1.455,1
vehicles.tests.apis.v3.test_carsharing_vehicles.TestSupplierVehiclesAPISerializer,1.4260000000000002,1
hardware_sdk_geotab.tests.test_fault_data_tasks.TestFetchGo9FaultData,1.42,1
django_utils.tests.utils.test_email_utils.EmailValidationTest,1.358,1
users.tests.utils.test_user_utils.TestUserEmail,1.352,1
trips.tests.apis.test_etas.TestPreRequestETA,1.339,1
payments.tests.tasks.test_rental_payments.TestUpdateHoldPaymentDescription,1.3,1
vehicles.tests.apis.v2.test_carsharing_vehicles.TestDiscoverVehicleAPIAsCustomer,1.271,1
vehicle_conditions.tests.apis.test_vehicle_condition.TestVehicleConditionsInfoApiAsCustomer,1.241,1
promotions.tests.utils.test_promotion_eligibility_processors.TakeMTripsGetNCreditsProcessorTest,1.2080000000000002,1
services.tests.apis.test_services.CosmeticsInServicesAPITestCase,1.19,1
service_regions.tests.test_operatingregions.TestV3RegistrationRegionAPIAsServiceManager,1.1709999999999998,1
vehicle_conditions.tests.apis.test_vehicle_condition.TestVehicleConditionsApiAsCustomer,1.14,1
vehicle_lifecycle.tests.test_models.TestVehicleLifeCycleTemplate,1.1260000000000001,1
users.tests.models.test_carsharing_customers.TestCustomer,1.101,1
users.tests.apis.v3.test_customers.TestCustomerResendVerification,1.053,1
trips.tests.apis.test_scheduled_trip_requests.TestScheduledTripRequestAvailabilityAsDispatcher,1.05,1
rentals.tests.utils.test_carsharing_validation_utils.CarsharingValidationUtilsTestCase,0.9940000000000002,1
vehicle_blocks.tests.test_vehicle_blocks.TestGetVehicleBlockAPI,0.9930000000000001,1
users.tests.apis.v2.test_supplier_companies.TestServiceTypeAPIV2,0.98,1
driver_scheduling.tests.models.test_slots.DriverSlotTestBase,0.952,1
phone_messaging.tests.tasks.test_sip_endpoints.TestSipEndpoints,0.911,1
users.tests.apis.test_customers.TestCustomersAPIManager,0.898,1
services.tests.serializers.test_services_serializers.TestOptimizedServiceSerializer,0.883,1
payments.tests.utils.test_carsharing_payment_utils.TestRefundingCreditsAndCC,0.8450000000000001,1
vehicles.tests.tasks.test_carsharing_vehicles.DataPipelineVehicleUpdateEventTestCase,0.8200000000000001,1
promotions.tests.models.test_credits.CreditBalanceModelTestCase,0.7950000000000002,1
users.tests.models.test_customer_history_2.TestCustomerHistoryFromVehicles,0.782,1
vehicle_lifecycle.tests.test_lifecycle_utils.TestLifeCycleUtils,0.77,1
pricing_engine.tests.test_engine.TestVehiclePricingWithBlocks,0.756,1
users.tests.apis.v2.test_supplier_companies.TestServiceTypeAPIV2AsCustomer,0.743,1
payments.tests.utils.test_payment_utils.TestMultiTripAwardRefund,0.7110000000000001,1
afm_integration.tests.test_afm_rule_engine_integration.AFMRuleEngineClientActionsTests,0.702,1
services.tests.api.v3.test_support_phone_numbers.TestSupportPhoneNumbersAPIv3,0.69,1
pricing_engine.tests.test_engine.TestSetPricingWithBlocks,0.633,1
service_regions.tests.test_signals.ServiceRegionSignalsTestCase,0.633,1
rest_utils.tests.test_authentication.TestMFAResendAPIAsDispatcher,0.613,1
app_logging.tests.signals.test_customer_device_context_signals.TestCustomerDeviceContextSignals,0.607,1
hardware_sdk_geotab.tests.test_webhooks_serializers.TestGeotabCheckInRequestSerializer,0.587,1
vehicles.tests.apis.v3.test_vehicle_tags.TestVehicleTagAPI,0.5840000000000001,1
users.tests.apis.test_customers.TestIdentityAPIAsDriverManager,0.56,1
hardware_sdk_mensa.tests.test_webhooks.TestMensaPushCCMParameters,0.552,1
vehicle_conditions.tests.apis.test_vehicle_condition.TestVehicleConditionApiAsServiceManager,0.529,1
services.tests.apis.v3.test_markets.TestMarketAPIAsAnonymous,0.517,1
hardware_sdk_mensa.tests.utils.test_synthesis.TestMensaSynthesis,0.4949999999999999,1
trips.tests.models.test_scheduled_trip_requests.TestScheduledTripRequestsPaymentUtils,0.488,1
hardware_sdk_otakeys.tests.test_rentals.OdometerJumpingTestCase,0.4760000000000001,1
service_regions.tests.tests_special_dispatch_regions.TestPinBasedSpecialDispatchRegion,0.475,1
trips.tests.apis.test_trips.TestTripTasksAsDriverManager,0.456,1
tickets.tests.models.test_tickets.TestTicketSaveMethodUpdate,0.446,1
users.tests.apis.test_feedback.TestFeedbackAsDispatcher,0.419,1
hardware_sdk_geotab.tests.test_clear_virutal_keys_tasks.TestVirtualKeyFunctions,0.41300000000000003,1
django_utils.tests.models.test_base_model.TestCreatedAndUpdatedTimestamps,0.405,1
firebase.tests.test_utils.TokenCreationTestCase,0.399,1
payments.tests.utils.test_carsharing_payment_utils.TestPaymentDisplay,0.373,1
payments.tests.utils.test_carsharing_payment_utils.TestSendRentalReceipt,0.361,1
service_regions.tests.test_tasks.ServiceRegionTasksTestCase,0.359,1
vehicle_conditions.tests.apis.test_vehicle_condition.TestVehicleConditionApiAsManager,0.347,1
vehicles.tests.apis.v3.test_event_report_config.TestEventReportConfigAsDispatcher,0.336,1
promotions.tests.models.test_coupons.CouponModelTestCase,0.33499999999999996,1
hardware_sdk_geotab.tests.test_go9_gps_task.TestVendorTasks,0.315,1
payments.tests.utils.test_carsharing_payment_utils.TestBuildScheduledRentalReceiptData,0.313,1
vehicle_blocks.tests.test_vehicle_timeline.TestVehicleTimeLineAPI,0.29,1
trips.tests.apis.test_trips.TestTripRatingsReasonAsCustomer,0.284,1
locations.tests.utils.test_locations.AliasesSearchTestCase,0.279,1
rentals.tests.apis.test_rental_operations.TestRentalAPIOperationsAsCustomer,0.277,1
users.tests.apis.v3.test_notifications.TestNotificationsAPIAsCustomer,0.264,1
vehicles.tests.apis.test_vehicle_admin.TestRecurringAlertVINs,0.261,1
services.tests.utils.test_carsharing_service_utils.TestGetBraintreeMerchantAccountId,0.238,1
users.tests.models.test_supplier_company.TestSupplierCompanyModel,0.223,1
tickets.tests.test_signals.TicketTestCase,0.198,1
vehicle_markers.tests.test_signals.TestMarkerTypeSignal,0.193,1
users.tests.models.test_users.UserProfilePreferredLanguageTestCase,0.187,1
users.tests.tasks.test_user_activities.TestSendEmailRetry,0.163,1
calendars.tests.actions.test_actions.TestDefaultSSRAction,0.161,1
services.tests.models.test_service_periods.TestServicePeriodSessionDate,0.153,1
payments.tests.utils.test_payment_utils.TestRefundComputation,0.146,1
vehicle_automation.tests.test_automations.TestTelematicDataEvent,0.143,1
django_utils.tests.test_utils.TestModelDiffMixin,0.123,1
vehicle_lifecycle.tests.test_lifecycle_utils.TestLifeCycleCopyFunctions,0.122,1
billing.tests.utils.test_invoice_utils.TestChargeInvoice,0.11699999999999999,1
vehicle_cameras.tests.test_viewsets.TestDashcamReportsViewSet,0.11599999999999999,1
data_pipeline.tests.utils.test_data_pipeline_transport_config_validation.DataPipelineSenderBootStrapTests,0.10200000000000001,1
django_utils.tests.apis.test_healthcheck.HealthCheckTestCase,0.093,1
hardware_sdk_mensa.tests.test_interface.TestGetVehicleStatus,0.092,1
vehicle_lifecycle.tests.test_state_parsing.TestRecordParser,0.089,1
data_pipeline.tests.utils.test_data_pipeline_transport_config_validation.KafkaConfigurationValidationTests,0.081,1
services.tests.models.test_service_periods.TestServicePeriodActiveTimePeriod,0.081,1
payments.tests.utils.test_localized_measurement_units.QuantizationTests,0.07100000000000001,1
services.tests.utils.test_api_utils.TestValidateCoordinatesParams,0.067,1
locations.tests.apis.v3.test_locations.LocationTestingMixin,0.066,1
payments.tests.tasks.test_payments.TestDebitFailedPayments,0.062,1
payments.tests.models.test_payments.TestTransactionRiskExemption,0.061,1
billing.tests.utils.test_invoice_utils.TestBuildInvoiceData,0.051,1
situation_engine.tests.utils.test_utils.TestFunctionRegistration,0.045,1
vehicle_lifecycle.tests.test_state_parsing.TestVehicleRecordCollection,0.045,1
vehicle_automation.tests.test_automations.TestRecommendation,0.038,1
django_utils.tests.utils.test_locale_utils.TestLocaleUtils,0.035,1
hardware_sdk_mensa.tests.test_webhooks.TestMensaPushDiagnostics,0.027,1
firebase.tests.test_utils.FirebaseUtilsTasksTestCase,0.024,1
payments.tests.utils.test_localized_measurement_units.LocalizedDistanceUnitTests,0.023,1
locations.tests.utils.test_locations.AutocompleteTestCase,0.022,1
django_utils.tests.utils.test_celery_serialization.TestSerializerRoundtrips,0.011,1
payments.tests.utils.test_carsharing_payment_utils.TestDistanceFareCalculation,0.010000000000000002,1
hardware_sdk_mensa.tests.test_webhooks_serializers.TestEnvironmentChangedSerializer,0.009000000000000001,1
locations.tests.models.test_locations.TestCacheableSearchResult,0.005,1
hardware_sdk_mensa.tests.test_webhooks_serializers.TestGetKeysSerializer,0.004,1
hardware_sdk_mensa.tests.test_webhooks_serializers.TestBaseSerializer,0.003,1
vehicle_lifecycle.tests.test_lifecycle_step_jobs.TestVehicleLifeCycleSignals,0.002,1
billing.tests.test_invoices.TestInvoicesWithPermissions,0.0,1
payments.tests.apis.test_customers_cards.TestHasValidCcExpirationDates,0.0,1
rentals.tests.apis.v3.test_scheduling.TestScheduledRentalRequestQueue,0.0,1
rentals.tests.serializers.test_scheduled_rentals_requests.TestScheduledRentalValetConcurrencyLimits,0.0,1
users.tests.apis.test_customer_signup.TestCustomerSignupLocale,0.0,1
users.tests.apis.v2.test_carsharing_customers.TestCustomerSignupLocale,0.0,1
users.tests.utils.test_user_utils.TestValidateDOB,0.0,1
vehicles.tests.apis.test_gpspositions.TestGpsPositionUpdate,0.0,1
vehicles.tests.apis.test_gpspositions.TestGpsPositionUpdateWithSupplierManager,0.0,1
vehicle_automation.tests.test_automation_apis.TestAutomationAlertsAPITestCase,0.0,1
vehicle_automation.tests.test_automation_apis.TestAutomationAlertsCountAPITestCase,0.0,1
vehicle_automation.tests.test_automation_apis.TestDTCRecommendationAPI,0.0,1
promotions.tests.apis.test_promotions.PromotionsTestCase,227.45200000000003,2
promotions.tests.apis.test_promotions.MultiTripAwardsAPITests,44.83099999999999,2
users.tests.apis.v2.test_carsharing_customers.TestCustomerAPIV2Registration,39.669,2
rentals.tests.apis.v3.test_contract_schedule_rental.TestContractScheduledRentalRequestV3Api,37.81,2
calendars.tests.apis.test_periods.PeriodsTestCase,35.49199999999999,2
users.tests.apis.v2.test_carsharing_customers.TestCustomerAPIV2DriverLicense,34.095,2
trips.tests.apis.test_trips.TestTransferTrips,31.154000000000003,2
users.tests.apis.v2.test_carsharing_customers.TestIdentityVerification,27.739000000000004,2
rentals.tests.apis.v2.test_rentals.TestRentalAPIAsDispatcher,24.624000000000002,2
users.tests.apis.v2.test_carsharing_customers.TestDispatcherFilterCustomersByUserGroups,22.023,2
users.tests.apis.test_drivers.TestDriverViewSet,20.874000000000002,2
rentals.tests.tasks.test_scheduling.TestSchedulingTasks,19.366999999999997,2
users.tests.apis.v2.test_carsharing_customers.TestCustomerAPIV2EditAsCustomer,18.622,2
users.tests.apis.v2.test_carsharing_customers.TestStaffServiceBasedV2CustomersFilter,17.673000000000002,2
users.tests.apis.test_vehicles_drivers.VehicleAPIsAsDispatcherTestCase,16.529999999999998,2
rentals.tests.apis.v3.test_scheduling.TestScheduledRentalAPIAsCustomer,15.671,2
driver_scheduling.tests.apis.test_slots.TestSlotsAPIAsManager,15.198000000000002,2
service_regions.tests.tests_special_dispatch_regions.TestPinBasedSpecialDispatchRegionAPIForDispatcher,14.411,2
service_regions.tests.tests_special_dispatch_regions.TestPinBasedSpecialDispatchRegionAPIForManager,13.849999999999996,2
vehicles.tests.apis.v2.test_vehicle_alerts.VehicleAlertApiTest,13.377999999999998,2
rentals.tests.tasks.test_scheduling.TestSchedulingTasksPaymentHold,12.945,2
rentals.tests.tasks.test_sms_reminders.TestScheduledRentalReservationSMSes,12.504000000000001,2
vehicles.tests.apis.test_vehicle_types.TestVehicleTypesAsCommonCustomer,12.318999999999999,2
vehicles.tests.utils.test_vehicle_transition_utils.TestTransitionToGoldPin,11.981999999999998,2
service_regions.tests.test_serviceregions.TestV3ServiceRegionAPI,11.431,2
payments.tests.models.test_rental_payments.TestPayments,11.311000000000002,2
rentals.tests.apis.v3.test_scheduling.TestScheduledRentalCalendarAPIs,11.028,2
users.tests.models.test_carsharing_customers_can_reserve_car.TestCustomers,10.884,2
vehicle_lifecycle.tests.test_ods_report_api.TestODSAPI,10.709,2
trips.tests.apis.test_scheduled_trip_requests.TestCustomerScheduledTripRequestCreationValidation,10.455,2
trips.tests.apis.test_scheduled_trip_requests.TestDriverScheduledTripRequestConfirm,10.252999999999998,2
payments.tests.apis.v3.test_apis.TestV3PaymentRefund,9.825,2
users.tests.apis.v2.test_carsharing_customers.TestMembershipNumbers,9.583,2
payments.tests.apis.v2.test_pricing.TestFareEstimateAPI,9.384,2
vehicles.tests.apis.v2.test_carsharing_vehicles.TestVehiclesAPIAsCustomer,9.005,2
rentals.tests.models.test_rentals.TestRentals,8.904000000000002,2
hardware_sdk_mensa.tests.utils.test_parameters.TestUpdateMensaDeviceParameters,8.748,2
trips.tests.apis.test_trips.TestSpecialRequests,8.667,2
users.tests.apis.test_drivers.TestEditDriverAsServiceManager,8.468,2
ops_center.tests.tasks.test_analytic_aggregations.AggregatedDriverSlotStatisticsTestCase,8.369,2
vehicles.tests.utils.test_vehicle_import_from_ods.TestVehicleImportFromODS,8.199,2
users.tests.models.test_user_profiles.UserProfileQuerySetTestCase,7.9959999999999996,2
payments.tests.apis.v2.test_payments.TestBlockPricingCalculation,7.728,2
services.tests.apis.v3.test_markets.TestMarketAPIAsCustomer,7.573999999999999,2
vehicle_blocks.tests.test_vehicle_blocks.TestCreateVehicleBlockAPIWithOverride,7.483,2
users.tests.apis.v3.test_carsharing_customers.TestCustomerProfileType,7.411999999999999,2
services.tests.apis.v3.test_services.TestActiveServicePricing,7.1,2
users.tests.serializers.test_staff.TestStaffSerializer,6.756,2
websockets.tests.apis.test_scheduling.TestIndependentFiltersOnScheduledRentals,6.532,2
users.tests.apis.v2.test_carsharing_customers.TestCustomerProfileType,6.210000000000001,2
stations.tests.test_apis.VehicleTypeTimelineAPITestAsCustomer,6.068,2
rentals.tests.apis.v3.test_scheduling.TestScheduledRentalRequestV3ApiAsServiceManager,5.944999999999999,2
users.tests.apis.v2.test_supplier_managers.TestEditSupplierManagersAsServiceManager,5.689,2
afm_integration.tests.test_tasks.TestVehicleAlertToTicketMappingMultipleServices,5.673,2
ops_center.tests.views.test_about_pages.TestAboutPages,5.419,2
trips.tests.apis.test_trips.TestTripListFilteringAsCustomer,5.364000000000001,2
trips.tests.serializers.test_trips.TestTripSerializer,5.196000000000001,2
promotions.tests.signals.test_signals.PromotionSignalsTestCase,5.1190000000000015,2
users.tests.apis.test_radio_stations.TestRadioStationAPIAsDispatcher,5.037000000000001,2
service_regions.tests.test_serviceregions.TestIsRouteAllowed,4.791,2
payments_engine.tests.tests_payment_utils.TestPaymentUtils,4.715,2
trips.tests.serializers.test_trips.TestPassengerValidation,4.662999999999999,2
driver_scheduling.tests.apis.test_slots.TestSlotsAPIAsServiceManagerWithoutSlotPermission,4.602,2
trips.tests.apis.test_scheduled_trip_requests.TestScheduledTripConversion,4.5889999999999995,2
trips.tests.apis.test_scheduled_trip_requests.TestScheduledTripRequestSummary,4.449,2
users.tests.signals.test_charge_registration_fee.TestDriverLicenseSignals,4.367,2
vehicle_lifecycle.tests.test_mon_offre_report.TestMonOffreReport,4.2219999999999995,2
hardware_sdk_continental.tests.test_vehicle_actions.TestContinentalVehicleActionsAPI,4.188,2
trips.tests.apis.test_trips.TestTripSummaryAsDispatcher,4.138,2
rentals.tests.apis.v3.test_rentals.TestRentalAPIStationsAsDispatcher,4.057,2
rentals.tests.models.test_rentals.TestScheduledRentalRequestFactory,3.974,2
hardware_sdk_otakeys.tests.test_rentals.RentalCoreTestCase,3.943000000000001,2
users.tests.apis.test_staff.TestStaffAPIViaBusinessAdmin,3.7750000000000004,2
app_logging.tests.utils.test_customer_device_context_utils.TestMFAUntrustedDeviceAndSendCode,3.7190000000000003,2
users.tests.apis.v2.test_carsharing_customers.TestCustomerCreation,3.6630000000000003,2
hardware_sdk_otakeys.tests.test_vehicle_utils.TestAutoSwitchGPSSource,3.5430000000000006,2
services.tests.apis.test_outages.OutageTestCase,3.469,2
vehicles.tests.apis.v2.test_carsharing_vehicles.TestVehicleApiAsDispatcherForVehicleAceess,3.384,2
trips.tests.utils.test_dispatch_utils.TestDispatchUtils,3.37,2
vehicles.tests.apis.v3.test_event_reports.TestEventReportAsCustomer,3.299,2
hardware_sdk_mensa.tests.test_interface.TestGetRentalSummary,3.264,2
vehicle_automation.tests.test_automation_apis.TestDTCAlertOrder,3.1689999999999996,2
phone_messaging.tests.models.test_sip_trunking.SipTrunkingTestCase,3.1550000000000002,2
payments.tests.utils.test_carsharing_payment_utils.TestScheduledRentalRequestPaymentLifecycleStateChangeEventsToDataPipeline,3.049,2
users.tests.apis.v3.test_customers.TestCustomerAssociateBusinessEntityAPIFromBusinessAdmin,3.002,2
vehicle_blocks.tests.test_vehicle_blocks.TestCreateVehicleBlockAPI,2.9750000000000005,2
rentals.tests.apis.v3.test_scheduling.TestSRDateTimeAPIPeriodNotContiguousMidDayBreak,2.883,2
users.tests.apis.test_customers.TestDownloadCustomerData,2.8489999999999998,2
vehicles.tests.apis.v2.test_carsharing_vehicles.VehiclesAPITestCase,2.8269999999999995,2
vehicles.tests.models.test_carsharing_vehicles_2.TestCarsharingVehiclesInServiceUpdateFirebase,2.768,2
payments.tests.apis.v3.test_addon.TestAddonAssociationAPI,2.749,2
services.tests.apis.test_services.TestDefaultRadioStation,2.723,2
services.tests.apis.test_services.TestServiceWithMarketInformationAdded,2.65,2
payments.tests.utils.test_carsharing_payment_utils.TestScheduledRentalRequestsPaymentUtilsCreateUpdatePayment,2.612,2
vehicle_automation.tests.test_automation_apis.AutomationTypesAPITestCase,2.5860000000000003,2
payments.tests.payment_providers.test_braintree_api.TestBrainTreeSubscription,2.5309999999999997,2
promotions.tests.apis.test_credits.CreditBalanceAPITest,2.4810000000000003,2
rentals.tests.apis.v3.test_scheduling.TestSRDateTimeAPIPeriodThroughWeekNonContiguousMidDayBreak,2.4560000000000004,2
payments.tests.signals.test_credit_cards.TestCreditCardSignals,2.4130000000000003,2
services.tests.apis.test_services.TestServicesAPIForAccessRestrictionsAsDispatcher,2.356,2
rider_ivrs.tests.views.test_patch_thru_numbers.TestServicePatchThruNumbers,2.3350000000000004,2
payments_engine.tests.test_paytm_apis.TestPayTMValidation,2.2910000000000004,2
rentals.tests.apis.v3.test_rentals.TestRentalAPIStations,2.266,2
hardware_sdk_geotab.tests.test_vendor_tasks.TestGeotabStripData,2.254,2
payments.tests.utils.test_carsharing_payment_utils.TestCreateOrUpdatePaymentCallsPromotionEligibilityTask,2.207,2
rentals.tests.apis.v3.test_scheduling.TestSRDateTimeAPIPeriodContiguousMidWeekBreak,2.1879999999999997,2
users.tests.utils.test_notifications.PasswordResetBusinessAdminTestCase,2.1559999999999997,2
manual_identity_verification.tests.api.test_identity_profile.TestIdentityProfileAsCustomer,2.1160000000000005,2
pricing_engine.tests.test_engine.TestTollsPricing,2.077,2
rentals.tests.apis.v3.test_scheduling.TestSRDateTimeAPIPeriodContiguousMidDayBreak,2.076,2
rentals.tests.apis.v3.test_scheduling.TestScheduledRentalRequestEndTimeUpdateAsCustomer,1.993,2
users.tests.tasks.test_carsharing_customers.TestCustomerTasks,1.9909999999999999,2
payments_engine.tests.test_trips_by_payment_mode.TestTripDebit,1.9689999999999999,2
payments.tests.utils.test_create_trip_payment.TestTripUsePromos,1.9340000000000002,2
rentals.tests.apis.v2.test_rentals.TestRentalAPIV2Stations,1.9020000000000001,2
vehicle_lifecycle.tests.test_state_initialization.TestInitStateUsingVehicleVendorRecords,1.843,2
vehicle_conditions.tests.apis.test_vehicle_condition.TestVehicleConditionApiAsDispatcher,1.794,2
manual_identity_verification.tests.api.test_identity_profile.TestCompleteSubmission,1.787,2
hardware_sdk_mensa.tests.test_webhooks.TestMensaValidateEndRental,1.7810000000000001,2
fleet_rentals.tests.apis.test_fleet_rentals.TestV3FleetRentalsAsCustomer,1.702,2
payments.tests.utils.test_payment_utils.TestTipPaymentTestCase,1.682,2
vehicle_automation.tests.test_automations.TestAutomationAlert,1.65,2
vehicle_lifecycle.tests.test_apis.LifeCycleAPITestCaseAsSuperUser,1.602,2
phone_messaging.tests.utils.test_send_sms.TestSimpleMessageRouting,1.594,2
trips.tests.apis.test_dispatch_trip.TripAndTripTaskAPITestCase,1.576,2
services.tests.apis.v3.test_carsharing_services.CarsharingServicesAPIV3TestBase,1.5599999999999998,2
locations.tests.utils.test_favorite_locations.TestFavoriteLocations,1.5110000000000001,2
vehicle_cameras.tests.test_serializers.TestForgottenObjectsReportsV1,1.467,2
vehicles.tests.apis.test_vehicle_types.TestVehicleTypeAsDispatcher,1.463,2
rentals.tests.apis.v3.test_scheduling.TestScheduledRentalsValetSupplierPermissions,1.446,2
damages.tests.apis.test_damage_report_apis.TestDamageRulesAPI,1.395,2
vehicle_conditions.tests.apis.test_vehicle_condition.TestVehicleConditionImageUploadAndDeleteAsDispatcher,1.3820000000000001,2
payments.tests.utils.test_carsharing_payment_utils.TestVehicleTypePricing,1.3460000000000003,2
users.tests.third_party.test_jumio.TestJumioUnsubmittedStatusChangeByCallback,1.3239999999999998,2
trips.tests.models.test_scheduled_trip_requests.TestScheduledTripRequestUserGroupExemption,1.315,2
payments.tests.tasks.test_payments.TestSendRefundEmailReceiptData,1.261,2
services.tests.apis.v3.test_services.TestServiceActivePricingOperations,1.2469999999999999,2
vehicle_automation.tests.test_automation_apis.TestAutomationAlertsServiceManagerAPITestCase,1.21,2
trips.tests.models.test_trips.TestUnAssignableTripAfterDriverArrivedAt,1.193,2
vehicles.tests.apis.v3.test_carsharing_vehicles.TestStaffServiceBasedV3VehiclesFilteringForStaff,1.168,2
users.tests.apis.test_drivers.TestDriverQuerySetFiltering,1.14,2
payments.tests.apis.v3.test_membership.TestMembershipAPIAsCustomer,1.134,2
rentals.tests.tasks.test_notify_start_parked_time.TestNotifyStartParkedTime,1.0859999999999999,2
websockets.tests.apis.test_notifications.NotificationsTestCaseAsCustomer,1.067,2
django_utils.tests.utils.test_email_utils.TestUserEmail,1.0419999999999998,2
locations.tests.apis.test_kiosks.TestKioskAPIAsDispatcher,0.9970000000000001,2
hardware_sdk_otakeys.tests.test_interface.TestGetRentalSummary,0.9920000000000001,2
users.tests.tasks.test_user_timed_password_reset.TestTimedPasswordResetNotificationTasks,0.98,2
hardware_sdk_mensa.tests.test_signals.TestVehicleSignals,0.952,2
hardware.tests.hal.test_utils.TestIntegrationUtils,0.9060000000000001,2
rest_utils.tests.test_authentication.TestAuthenticationWithExpiredPassword,0.9019999999999999,2
payments.tests.payment_providers.test_braintree_api.TestBraintreeAPI,0.8889999999999999,2
services.tests.utils.test_unit_utils.DistanceUnitTests,0.833,2
websockets.tests.apis.test_bindings.PostBindingFilterGroupNameTest,0.824,2
services.tests.apis.v2.test_settings_api.TestRidesharingPricing,0.7969999999999999,2
trips.tests.apis.test_create_trip.TestCreateKioskTrip,0.788,2
rentals.tests.utils.test_carsharing_validation_utils.CarsharingSkipChargingBusinessCardValidationTestCase,0.7669999999999999,2
users.tests.utils.test_notifications.PasswordResetTestCase,0.755,2
pricing_engine.tests.test_engine.TestMultiplePricingRulesWithBlocks,0.736,2
firebase.tests.test_push_notifications.TestFCMNotifications,0.727,2
trips.tests.serializers.test_trips.TripSerializerTestCase,0.698,2
locations.tests.utils.test_locations.TestCreateLocationsFromKML,0.669,2
vehicles.tests.apis.v3.test_registered_hw_devices.TestAsAdmin,0.653,2
afm_integration.tests.test_afm_rule_engine_integration.AFMRuleEngineClientExceptionsTests,0.625,2
users.tests.apis.v2.test_carsharing_customers.TestCarsharingCustomerResendVerification,0.617,2
services.tests.apis.test_service_periods.TestServicePeriodAPIAsServiceManager,0.604,2
vehicles.tests.apis.v3.test_carsharing_vehicles.TestVehiclesAsDifferentSupplierForSpecialVehicleAPI,0.59,2
services.tests.serializers.test_configurations.TestRidesharingServiceSerializer,0.581,2
django_utils.tests.utils.test_json_logger.TestJsonLoggerWithDjangoApp,0.568,2
payments.tests.utils.test_payment_utils.TestGrantCreditRefund,0.542,2
documents.tests.apis.test_document.TestDocumentAPI,0.533,2
ops_center.tests.analytics.test_reports.TestTripReportsSubscriptionAPIAsSystemAdmin,0.503,2
test_utils.test_doctests.DocTests,0.49900000000000005,2
hardware_sdk_mensa.tests.test_webhooks.TestMensaPushEnvironmentChanged,0.492,2
services.tests.models.test_outages.TestOverloadEventManager,0.48600000000000004,2
users.tests.signals.test_carsharing_customers.TestDriversLicenseSignals,0.466,2
rentals.tests.apis.test_rental_estimate_operations.TestRentalEstimateOperations,0.4620000000000001,2
promotions.tests.utils.test_promotion_eligibility_processors.EligibilityProcessorI18NTest,0.442,2
manual_identity_verification.tests.api.test_document_specification.TestDocumentSpecification,0.421,2
hardware_sdk_geotab.tests.test_geotab_task.TestAddHWStatusToGeotabVehicle,0.418,2
users.tests.apis.v3.test_carsharing_customers.TestCustomerIdentityVerificationV3,0.405,2
users.tests.apis.test_whitelisted_ip.TestWhiteListedIpsAPI,0.385,2
services.tests.models.test_services.TestServiceSettings,0.381,2
hardware_sdk_invers.tests.test_telematics_processing.TestInversTelematicsProcessing,0.365,2
vehicles.tests.utils.test_telematics.TestProcessTelematicsFilter,0.351,2
payments.tests.payment_providers.test_stripe_api.TestStripeChargeCustomer,0.349,2
trips.tests.apis.test_trips.TestTripTasksAsDispatcher,0.343,2
pipelines.tests.apis.v3.test_external_schema_api.ExternalSchemaTests,0.327,2
vehicles.tests.apis.v3.test_registered_hw_devices.TestNoVehicle,0.321,2
calendars.tests.actions.test_actions.TestActivePricingAction,0.31100000000000005,2
hardware_sdk_otakeys.tests.test_interface.TestDeregisterVehicle,0.29,2
django_utils.tests.apis.v3.test_documentation.TestDRFAutoDocsRendering,0.284,2
calendars.tests.models.test_period_queryset.PeriodQuerySetTests,0.28,2
hardware_sdk_geotab.tests.test_interface.TestRegisterVehicle,0.276,2
payments.tests.utils.test_payment_utils.TestRefundApi,0.271,2
payments.tests.payment_providers.test_stripe_api.TestCustomerPricingViewOnly,0.246,2
locations.tests.utils.test_locations.TestLocationFromGeocode,0.245,2
hardware_sdk_geotab.tests.test_after_stop_lock_tasks.TestAfterStopLockTasks,0.23,2
vehicle_blocks.tests.test_vehicle_timeline.TestVehicleTimeLineAPIAsWorker,0.198,2
users.tests.apis.v2.test_supplier_companies.TestPermissionsAsValetSupplier,0.191,2
users.tests.models.test_users.UserPasswordHistoryTest,0.177,2
rentals.tests.utils.test_carsharing_validation_utils.TestValidateReservation,0.168,2
vehicle_blocks.tests.test_vehicle_block_data_pipeline.TestVehicleBlockTasks,0.163,2
vehicles.tests.models.test_telematics.TestTelematics,0.15200000000000002,2
app_logging.tests.utils.test_customer_device_context_utils.TestGenerateMFACode,0.148,2
services.tests.models.test_configurations.TestConfigurationCaching,0.14,2
promotions.tests.serializers.test_service_based_access_control.TestSerializerReadOnlyFields,0.127,2
payments.tests.payment_providers.test_braintree_api.TestBrainTree3DSecureFlow,0.12100000000000001,2
ops_center.tests.views.test_dispatch_ui.LoggedOutDispatcherUITestCase,0.11699999999999999,2
payments.tests.payment_providers.test_stripe_api.TestStripeCapture,0.11199999999999999,2
vehicle_lifecycle.tests.test_state_parsing.TestStateBuild,0.103,2
trips.tests.models.test_scheduled_trip_requests.TestScheduledTripRequestStatus,0.098,2
uber_integration.tests.test_client.UberClientTest,0.089,2
users.tests.apis.test_customers.TestIdentityAPIV3AsAnonymous,0.088,2
payments.tests.utils.test_carsharing_payment_utils.TestFareEstimate,0.082,2
payments.tests.payment_providers.test_stripe_api.TestStripeCustomerProfileModify,0.078,2
payments.tests.models.test_payments.TestEmailRegexValidator,0.07300000000000005,2
hardware_sdk_geotab.tests.test_interface.TestLockImmobilize,0.068,2
locations.tests.utils.test_locations.GetStreetsFromGeoCodeTestCase,0.065,2
users.tests.third_party.test_jumio.TestJumioAuthentication,0.065,2
rider_ivrs.tests.utils.test_utils.IVRSUtilsTestCase,0.053000000000000005,2
django_utils.tests.utils.test_messaging_utils.AWSConfigurationTestCase,0.053,2
hardware_sdk_invers.tests.test_interface.TestRentalSummary,0.049,2
phone_messaging.tests.utils.test_sip_trunking.TestSipTrunking,0.043,2
vehicle_cameras.tests.test_lge_requests.TestRequestForgottenObjects,0.041,2
experiments.tests.TestExperimentClient,0.031,2
rentals.tests.utils.test_scheduling_utils.TestSchedulingTasks,0.029,2
payments.tests.models.test_payments.TestPricingPeriod,0.025,2
vehicle_automation.tests.utils.test_telematics_alerts_jobs_automation.TestTelematicsEventUpdate,0.023,2
pipelines.tests.utils.test_kafka_consumer_callbacks.UserSyncTests,0.02,2
hardware_sdk_mensa.tests.test_webhooks_serializers.TestValidateEndRentalSerializer,0.012,2
locations.tests.models.test_locations.TestLocation,0.011,2
hardware_sdk_mensa.tests.test_webhooks_serializers.TestFWOTARawLogSerializer,0.008,2
django_utils.tests.test_utils.TestDeserializeJsonField,0.005,2
payments.tests.utils.test_carsharing_payment_utils.TestDistanceCapCalculation,0.005,2
django_utils.tests.utils.test_datetime_utils.TestRoundDateTimeMinutes,0.002,2
services.tests.migrations.test_serviceregistration_waive_migration.TestServiceRegistrationWaiveFee,0.002,2
rest_utils.tests.v3.test_fields.Testi18nJSONValidation,0.001,2
rentals.tests.apis.v3.test_scheduling.TestScheduledRentalRequestV3Api,136.97799999999995,3
trips.tests.apis.test_trips.TestCustomerTripActionAsBusinessAdmin,62.80499999999999,3
vehicle_automation.tests.test_automation_apis.AutomationSettingItemsAPITestCase,45.544,3
rentals.tests.apis.v3.test_rentals.TestRentalAPIAsCustomer,43.939000000000014,3
vehicle_automation.tests.utils.test_telematics_alerts_jobs_automation.TestDTCAutomation,38.75999999999999,3
trips.tests.apis.test_trips.TestCustomerTripAction,35.532,3
rentals.tests.apis.v2.test_rentals.TestRentalReceipt,34.298,3
stations.tests.test_apis.StationViewSetTest,32.705999999999996,3
rentals.tests.apis.v3.test_scheduling.TestScheduledRentalRequestSerializer,28.769000000000002,3
trips.tests.utils.test_task_ordering.OptimizingTaskOrderingTestCase,26.333999999999996,3
rentals.tests.apis.v3.test_scheduling.TestScheduledRentalRequestEndTimeUpdateAsServiceManager,22.511000000000003,3
users.tests.apis.v2.test_carsharing_customers.TestCustomerAPIV2EditAsDispatcher,21.974,3
trips.tests.apis.test_scheduled_trip_requests.TestScheduledTripAPIAsBusinessAdmin,20.641,3
vehicles.tests.utils.test_goldpin_automation.TestGoldPinVehicleGroupAutomation,19.296000000000003,3
fleet_rentals.tests.models.test_fleet_rentals.FleetRentalTestCase,17.883000000000003,3
trips.tests.utils.test_task_ordering.WavesTaskOrderingTestCase,16.915,3
rentals.tests.apis.v3.test_rentals.TestRentalAPIAsDispatcher,16.512,3
pricing_engine.tests.utils.test_criteria_functions.TestCriteriaFunctions,15.589,3
trips.tests.apis.test_trips.TestDropoffOverwritingAsDispatcher,15.104000000000001,3
payments.tests.utils.test_carsharing_payment_utils.TestGeofenceFees,14.133,3
users.tests.apis.v3.test_carsharing_customers.TestRegistrationSteps,13.514000000000001,3
payments.tests.payment_providers.test_paytm_api.TestPayTMPreauth,13.302,3
rentals.tests.apis.v3.test_scheduled_rental_addons.TestScheduledRentalRequestsAddon,12.761000000000001,3
payments_engine.tests.test_paytm_apis.TestPayTMPreauth,12.445,3
vehicles.tests.apis.v2.test_tolls.TestTollApiAsManager,12.277,3
users.tests.apis.test_favorite_drivers.TestFavoriteDrivers,11.723999999999998,3
rentals.tests.tasks.test_scheduling.TestScheduledRentalConversionFailureEmailsEdgeCases,11.366,3
users.tests.apis.test_drivers.TestAvailableDrivers,11.229999999999999,3
fleet_rentals.tests.apis.test_fleet_rentals.TestV3FleetRentals,10.976999999999999,3
driver_scheduling.tests.apis.test_zones.TestZonesAPI,10.828,3
users.tests.third_party.test_jumio.TestJumioVerification,10.508999999999999,3
services.tests.apis.test_services.TestServiceVisibilityForDriverCustomers,10.416,3
vehicle_automation.tests.test_automation_alert_to_job.TestCreateJobForAutomationAlert,10.040000000000001,3
vehicles.tests.apis.v3.test_carsharing_vehicles.TestVehicleLiveMapAsDispatcher,9.672,3
websockets.tests.apis.test_bindings.PostBindingFilterTest,9.47,3
users.tests.apis.test_customer_signup.TestCustomerSignupVerificationCode,9.296,3
payments.tests.utils.test_carsharing_payment_utils.TestCreateUpdatePaymentSendsReceipt,8.976,3
vehicles.tests.models.test_carsharing_vehicles_2.TestVehicleReservationStatusAlertUpdate,8.851,3
hardware_sdk_otakeys.tests.test_rentals.OTAKeysTestCase,8.744,3
vehicles.tests.apis.v3.test_vehicles.TestVehicleTypeV3API,8.656,3
services.tests.apis.v3.test_carsharing_services.TestCarsharingServicesAPIV3AsCustomer,8.408999999999999,3
rentals.tests.apis.v3.test_scheduling.TestScheduledRentalRequestAssignment,8.301,3
hardware.tests.hal.test_tasks.TestCalculateAndChargeMensaRental,8.077,3
afm_integration.tests.test_tasks.TestVehicleAlertToTicketMapping,7.923000000000001,3
payments.tests.apis.test_customers_cards.TestMultiCardSupport,7.681,3
uber_integration.tests.test_oauth_authenticate.UberOauthLoginTest,7.537999999999999,3
vehicle_automation.tests.utils.test_transactional_alerts_jobs_automation.TestTransactionalRuleVehicleWithDamageConditions,7.412000000000001,3
vehicles.tests.utils.test_vehicle_transition_utils.TestTransitionFromGoldPin,7.141,3
users.tests.apis.v3.test_customers.TestCustomerEmailValidation,6.988000000000001,3
users.tests.third_party.test_jumio.TestJumioProcessingStatusChangeByCallback,6.753,3
payments.tests.utils.test_carsharing_payment_utils.TestScheduledRentalRequestsPaymentUtils,6.47,3
stations.tests.test_apis.StationViewSetTestShape,6.234,3
trips.tests.apis.test_scheduled_trip_requests.TestCustomerScheduledTripRequestCancellationWithWallet,6.117999999999999,3
users.tests.apis.v3.test_carsharing_customers.TestStaffServiceBasedV3CustomersFiltering,5.920999999999999,3
vehicles.tests.apis.test_vehicle_admin.TestRecurringAlertNotification,5.687,3
vehicles.tests.apis.test_vehicle_apis.VehiclesAPITestCase,5.612,3
dealer_service_networks.tests.apis.v3.test_dealer_service_networks.TestV3DealerServiceNetworkStella,5.4620000000000015,3
services.tests.apis.v3.test_services.TestServiceVisibilityForCustomers,5.372,3
users.tests.apis.test_dispatch_drivers.TestDispatchDriverAdmin,5.265000000000001,3
users.tests.signals.test_registration.TestBusinessRegistrationComplete,5.088999999999999,3
stations.tests.test_apis.StationViewSetTestAddRemoveVehicles,4.85,3
vehicle_automation.tests.utils.test_transactional_alerts_jobs_automation.TestTransactionalRuleLongDuration,4.846,3
vehicle_lifecycle.tests.test_lifecycle_signals.TestVehicleLifeCycleSignals,4.764,3
users.tests.apis.v3.test_customers.TestCustomerContactAPI,4.686999999999999,3
rentals.tests.apis.v3.test_rentals.TestScheduledRentalsAPIAsSupplierManager,4.644,3
vehicle_automation.tests.utils.test_transactional_alerts_jobs_automation.TestTransactionalRuleVehicleNotUsed,4.555,3
trips.tests.apis.test_create_trip.TestTripCreationAsDispatcher,4.462000000000001,3
driver_scheduling.tests.apis.test_slots.TestSlotsAPIAsDriver,4.431,3
trips.tests.apis.test_etas.TestWaveETAEstimates,4.204000000000001,3
users.tests.apis.v2.test_usergroups.TestStaffServiceBasedV2UserGroupsFiltering,4.1499999999999995,3
driver_scheduling.tests.models.test_slots.TestDriverSlots,4.13,3
services.tests.models.test_carsharing_services.TestServices,4.058,3
trips.tests.apis.test_trips.TestDispatcherActionsOnKioskTrips,3.995,3
users.tests.apis.v2.test_carsharing_customers.TestPINResendV2,3.899,3
payments.tests.apis.v3.test_plan.TestPlanAPI,3.793,3
driver_scheduling.tests.models.test_slots.TestDriverAssignment,3.745,3
services.tests.signals.test_services.ServiceUnauthorizedVehiclesAccessTestCase,3.625,3
rentals.tests.tasks.test_scheduling.TestSRRSchedulingPaymentsFlow,3.572,3
payments.tests.utils.test_carsharing_payment_utils.TestShortTripFareCalculation,3.4480000000000004,3
tickets.tests.test_v2_apis.TestTicketsAPI,3.4160000000000004,3
trips.tests.apis.test_scheduled_trip_requests.TestScheduledTripWavesRedispatchUnreadyTrips,3.3419999999999996,3
users.tests.apis.v2.test_carsharing_customers.TestDispatcherAPIV2DriverLicenseBgChecks,3.311,3
vehicles.tests.apis.v3.test_carsharing_vehicles.TestStaffServiceBasedV3VehiclesFilteringForSystemAdmins,3.287,3
driver_scheduling.tests.apis.test_zones.TestZonesAPIAsDriver,3.166,3
services.tests.models.test_service_periods.TestServicePeriod,3.1370000000000005,3
users.tests.tasks.test_auto_classify.TestAutoClassifyTask,3.044,3
users.tests.utils.test_customer_utils.TestImportCSV,3.003,3
vehicles.tests.apis.v2.test_carsharing_vehicles.TestVehicleAPIUpdateGroupsAsDispatcher,2.989,3
driver_scheduling.tests.apis.test_slots.TestAssignmentsAsDriver,2.876,3
trips.tests.serializers.test_trips.TestTripTaskSerializer,2.8440000000000003,3
payments.tests.apis.v3.test_apis.TestV3PaymentProcessorAuthToken,2.8100000000000005,3
users.tests.apis.test_radio_stations.TestRadioStationAsCustomer,2.779,3
users.tests.apis.test_customers.TestCustomersUserGroupsFilter,2.761,3
service_regions.tests.test_serviceregions.TestServiceAreaMultiService,2.695,3
vehicles.tests.signals.test_carsharing_vehicles.TestVehicleSignals,2.675,3
trips.tests.models.test_scheduled_trip_requests.TestScheduledTripRequestActions,2.605,3
users.tests.apis.v2.test_carsharing_customers.TestCustomer,2.5860000000000003,3
users.tests.apis.test_carsharing_customers.TestCustomerEditAsDispatcher,2.572,3
users.tests.signals.test_registration.TestRegistrationComplete,2.4619999999999997,3
vehicles.tests.apis.v2.test_carsharing_vehicles.VehicleUpdateV2APITestCase,2.4549999999999996,3
websockets.tests.apis.test_scheduling.ScheduledRentalRequestTestCustomer,2.395,3
app_logging.tests.apis.test_customer_device_context.TestCustomersDeviceContextAPI,2.3890000000000002,3
payments.tests.payment_providers.test_paytm_api.TestPayTMValidation,2.3120000000000003,3
vehicles.tests.utils.test_telematics.TestProcessTelematicsUpdate,2.283,3
trips.tests.apis.test_create_trip.TestTripCreationAsComboDispatcherRider,2.266,3
trips.tests.models.test_scheduled_trip_requests.TestScheduledTripRequestCancellation,2.248,3
promotions.tests.utils.test_eligibility_utils.TestEligibilityUtils,2.213,3
maps.tests.utils.test_travel_durations.TestGetTravelDurations,2.166,3
trips.tests.apis.test_scheduled_trip_requests.TestDriverManagerScheduledTripRequestList,2.165,3
hardware.tests.hal.test_integration.TestMensaPrivateMode,2.12,3
vehicles.tests.apis.v3.test_carsharing_vehicles.TestVehiclesAsSupplierManagerForSpecialVehicleAPI,2.1039999999999996,3
hardware_sdk_continental.tests.test_vehicle_register_deregister.TestContinentalVehicleRegisterDeregister,2.051,3
users.tests.apis.test_customers.TestDispatcherFilterCustomers,2.025,3
vehicle_lifecycle.tests.test_apis.LifeCycleStepsAPITestCase,1.976,3
locations.tests.serializers.test_locations.TestLocationValidation,1.9560000000000002,3
pipelines.tests.utils.test_kafka_consumer_callbacks.JobUpdateTests,1.935,3
rest_utils.tests.test_authentication.TestMFAResendAPI,1.907,3
rentals.tests.serializers.test_scheduled_rentals_requests.TestScheduledRentalRequestUserGroupExemption,1.825,3
services.tests.apis.v3.test_services.TestRidesharingServicesAPIV3AsServiceManagerAccessRestrictions,1.8150000000000002,3
services.tests.apis.v3.test_carsharing_services.MultipurposeCriteriaAPIV3TestBase,1.7830000000000001,3
payments.tests.tasks.test_rental_payments.TestHoldFailedScheduledRentalRequestPaymentsSendsScheduledRentalPaymentEventsToDataPipeline,1.779,3
payments.tests.utils.test_carsharing_payment_utils.TestCarsharingPaymentAuth,1.7,3
manual_identity_verification.tests.models.test_identity_profile.TestIdentityProfileSendsEmail,1.6989999999999998,3
trips.tests.apis.test_scheduled_trip_requests.TestDriverManagerScheduledTripRequestClaim,1.634,3
vehicles.tests.models.test_carsharing_vehicles_2.TestCarsharingVehicleModel,1.604,3
data_pipeline.tests.models.test_data_pipeline.TestCouponActivationAndUsageToDataPipeline,1.588,3
trips.tests.apis.test_scheduled_trip_requests.TestScheduledTripStatusFilter,1.579,3
trips.tests.apis.test_scheduled_trip_requests.TestSupplierManagerScheduledTripRequestClaim,1.565,3
rentals.tests.apis.v3.test_pricing.TestRentalsVehicleTypePricingCriteria,1.5,3
users.tests.third_party.test_digisure.TestDigisureWebhookHandler,1.499,3
vehicle_lifecycle.tests.test_lifecycle_utils.TestVehicleLifeCycleTransition,1.447,3
tickets.tests.test_v2_apis.TestTicketAPIAsServiceManager,1.4340000000000002,3
vehicles.tests.apis.v3.test_carsharing_vehicles.TestVehiclesAsDispatcherSpecialVehicleAPI,1.396,3
services.tests.apis.v3.test_services.TestServiceVisibilityForAnon,1.387,3
payments.tests.payment_providers.test_stripe_api.TestStripeSubscription,1.343,3
locations.tests.apis.test_locations.TestGeofenceAsDispatcher,1.33,3
vehicle_cameras.tests.test_apis.TestOpsCenterForgottenObjectsReportsViewSet,1.308,3
vehicle_cameras.tests.test_apis.TestOpsCenterDashcamReportsViewSet,1.295,3
users.tests.apis.test_eligibility.TestCustomersEligibility,1.23,3
vehicles.tests.apis.v3.test_vehicles.TestVehicleTagAPI,1.196,3
pipelines.tests.utils.test_kafka_consumer_callbacks.ServiceSyncTests,1.1809999999999998,3
vehicle_automation.tests.utils.test_transactional_alerts_jobs_automation.TestTransactionalRuleVehicleInMultipleServices,1.176,3
users.tests.apis.test_remote_user_header_middleware.TestRemoteUser,1.15,3
vehicle_lifecycle.tests.test_apis.LifeCycleStageAPITestCaseUpdateByExternalApplication,1.111,3
hardware_sdk_mensa.tests.apis.test_parameters_cache.TestMensaVehicleViewSet,1.106,3
hardware_sdk_otakeys.tests.test_rentals.OdometerJumpCalculationTestCase,1.063,3
vehicles.tests.apis.v3.test_carsharing_vehicles.TestCustomerProvidedLocationFeedback,1.041,3
tickets.tests.test_v2_apis.TestTicketsAPIAsServiceManager,0.999,3
vehicle_automation.tests.utils.test_automation_utils.UnitConversionUtilsTests,0.9890000000000001,3
payments.tests.utils.test_payment_utils.TestSendReceiptThroughCustomerio,0.985,3
vehicles.tests.apis.test_reporting_microservice_apis.ReportingMicroserviceAPITestCase,0.9450000000000001,3
payments.tests.payment_providers.test_stripe_api.TestProcessChargeWithTransactionRiskEnabled,0.9190000000000002,3
hardware_sdk_geotab.tests.test_offline_tags_storage_tasks.TestOfflineTagsOperations,0.897,3
vehicles.tests.apis.test_vehicle_stats.CarsharingVehiclesAPITest,0.868,3
stations.tests.test_apis.StationViewSetTestTokenAPIs,0.847,3
django_utils.tests.apis.test_utils.TestGitInfoAPI,0.8260000000000001,3
vehicles.tests.apis.v3.test_carsharing_vehicles.TestSupplierVehiclesAPIWithManagerAccess,0.819,3
payments.tests.apis.v3.test_apis.TestV3PaymentSerializer,0.7809999999999999,3
users.tests.apis.test_driver_managers.DriverAPIsAsDriverManagerTestCase,0.765,3
services.tests.apis.test_services.TestServices,0.748,3
services.tests.apis.v3.test_markets.TestMarketAPIFiltering,0.732,3
users.tests.signals.test_carsharing_customers.TestCustomerHistorySignals,0.7210000000000001,3
payments.tests.apis.v3.test_subscription.TestStripeSubscriptionAPIAsDispatcher,0.7,3
vehicle_automation.tests.test_automations.TestAutomationSettingItem,0.6699999999999999,3
vehicles.tests.apis.v3.test_carsharing_vehicles.TestSupplierVehiclesAPIWithoutAccess,0.666,3
facilities_integration.tests.apis.v3.test_apis.TestParkingFacility,0.623,3
users.tests.apis.test_customers.TestIdentityAPIAsDriver,0.612,3
hardware_sdk_geotab.tests.test_vendor_tasks.TestTelematicsIntegration,0.5980000000000001,3
users.tests.models.test_customer_history.TestCustomerHistory,0.5900000000000001,3
locations.tests.apis.test_kiosks.TestKioskAPIAsCustomer,0.5860000000000001,3
vehicle_cameras.tests.test_serializers.TestDashcamReportsV1,0.5569999999999999,3
websockets.tests.test_documentation.TestWebsocketDocs,0.556,3
promotions.tests.models.test_promotions.PromotionModelTestCase,0.523,3
manual_identity_verification.tests.models.test_document.TestDocumentSpecification,0.517,3
services.tests.tasks.test_services.ServiceTasksTestCase,0.495,3
locations.tests.apis.test_aliases.TestAliases,0.489,3
driver_scheduling.tests.apis.test_slots.TestScheduledTripRequestSlotsAPIAsDriver,0.477,3
payments.tests.serializers.test_payment_items.PaymentItemsFromPricingTests,0.476,3
payments.tests.tasks.test_payments.TestHoldTripPaymentTasks,0.45999999999999996,3
hardware_sdk_mensa.tests.test_webhooks.TestMensaPushFWOTAUpdate,0.434,3
hardware_sdk_otakeys.tests.test_apis.TestAccessDeviceAPI,0.428,3
users.tests.apis.v2.test_supplier_companies.TestServiceTypeAPIV2AsSupplierManager,0.41200000000000003,3
stations.tests.test_apis.TagViewSet,0.405,3
rentals.tests.apis.v3.test_scheduling.TestScheduledRentalsAPIAsSupplierManager,0.398,3
hardware_sdk_geotab.tests.test_geotab_task.TestFetchGeotabTelematics,0.373,3
locations.tests.models.test_locations.TestLocationAliases,0.364,3
vehicle_blocks.tests.test_vehicle_blocks.TestPatchVehicleBlockAPI,0.355,3
payments.tests.payment_providers.test_stripe_api.TestStripeRefund,0.348,3
services.tests.apis.test_service_periods.TestServicePeriodAPI,0.339,3
app_logging.tests.apis.test_logs.TestLogViewSet,0.328,3
users.tests.third_party.test_ocean.TestOceanWebhookHandler,0.323,3
promotions.tests.serializers.test_service_based_access_control.TestPromotionEditAccessForSystemAdmin,0.308,3
vehicles.tests.apis.v2.test_carsharing_vehicles.VehiclesV2ValetSupplierTests,0.299,3
tickets.tests.test_tasks.TicketTestCase,0.281,3
phone_messaging.tests.utils.test_send_sms.TestSendSmsNumberOutboundSMS,0.277,3
vehicle_cameras.tests.test_models.TestForgottenObjectReportModel,0.275,3
services.tests.apis.test_service_periods.TestServicePeriodInService,0.267,3
service_regions.tests.test_operatingregions.LocationTestCase,0.257,3
services.tests.models.test_configurations.TestDisableOnFlag,0.24,3
users.tests.tasks.test_user_activities.TestSendUserActivityEmailOnChangeInCreditCardInUseValue,0.21400000000000002,3
hardware_sdk_mensa.tests.test_mensa_tasks.TestMensaActionStatusMissing,0.212,3
calendars.tests.models.test_periods.TestPeriodModel,0.189,3
hardware_sdk_geotab.tests.test_ble_synthesis.TestBLEFeedbackAPI,0.18000000000000002,3
vehicle_markers.tests.test_apis.TestVehicleMarkerTypeAPIAsAnon,0.168,3
hardware_sdk_mensa.tests.test_interface.TestGettingMobileDeviceId,0.157,3
app_logging.tests.models.test_customer_device_context.TestCustomersDeviceContextModel,0.153,3
hardware_sdk_artel.tests.test_process_artel_telematics.TestArtelProcessTelematics,0.15,3
users.tests.models.test_staff.TestStaffModel,0.14100000000000001,3
situation_engine.tests.utils.test_criteria.TestCriteriaFunctions,0.128,3
vehicle_automation.tests.test_automations.TestAutomationType,0.121,3
payments.tests.models.test_payments.TestPaymentProperties,0.116,3
vehicle_cameras.tests.test_tasks.TestNewEventsTaskForgottenObject,0.115,3
scripts.migrations.test_migrations.SQLWarningTestCase,0.101,3
firebase.tests.test_client.TestFirebaseClient,0.09400000000000001,3
locations.tests.serializers.v3.test_locations.TestV3LocationSerializer,0.092,3
hardware_sdk_mensa.tests.test_webhooks_serializers.TestSynthesisSerializer,0.08800000000000001,3
users.tests.models.test_users.AutoClearAddressMetadataTestCase,0.084,3
users.tests.apis.v3.test_notifications.TestNotificationsAPIAnonymous,0.077,3
services.tests.apis.test_service_periods.TestServicePeriodContiguous,0.07300000000000001,3
vehicle_cameras.tests.test_viewsets.TestForgottenObjectsReportsViewSet,0.067,3
users.tests.apis.test_drivers.TestDriverSignals,0.066,3
promotions.tests.utils.test_promotion_eligibility_processors.EligibilityProcessorRegistryTest,0.062,3
vehicle_cameras.tests.test_utils.TestBulkTransferAndValidateObjects,0.059,3
hardware_sdk_mensa.tests.test_webhooks.TestMensaDigitalSignatures,0.051000000000000004,3
hardware_sdk_geotab.tests.test_geotab_api_caller.TestGeotabAPICaller,0.048,3
calendars.tests.filters.test_period_filter.PeriodFilterMixinTests,0.042,3
users.tests.models.test_carsharing_customers_can_reserve_car.CustomerMessagesI18nTestCase,0.042,3
hardware_sdk_geotab.tests.test_vendor_tasks.TestVehicleDoesNotExist,0.029,3
hardware_sdk_mensa.tests.test_webhooks_serializers.TestCurrentParametersSerializer,0.029,3
hardware_sdk_mensa.tests.utils.test_ntp_utils.TestNTP,0.027,3
django_utils.tests.utils.test_email_utils.EmailSuppressionHeaderTest,0.022,3
test_utils.test_pickle_buffer.PickleBufferTestCase,0.021,3
django_utils.tests.utils.test_datetime_utils.TestParseDate,0.011000000000000003,3
hardware_sdk_mensa.tests.test_webhooks_serializers.TestDiagnosticsSerializer,0.011,3
hardware_sdk_geotab.tests.test_carsharing_vehicles.TestGeotabCarsharingVehicleSignals,0.008,3
calendars.tests.test_intervals.TestTimeInterval,0.006,3
rest_utils.tests.v3.test_error_codes.TestErrorCodeRendering,0.004,3
locations.tests.utils.test_geo_utils.TestConversionsAndFormats,0.003,3
data_pipeline.tests.models.test_data_pipeline_registry.DataPipelineRegistryFullSnapshotTest,0.001,3
django_utils.tests.utils.test_celery_serialization.TestSerializerWireFormat,0.001,3
activities.tests.apis.v3.test_apis.TestActivitiesAPIAsDispatcher,118.93799999999999,4
billing.tests.test_invoices.InvoicesTestCase,68.047,4
vehicles.tests.apis.v3.test_carsharing_vehicles.TestVehiclesAPIV3,59.998,4
rentals.tests.apis.v2.test_rentals.TestRentalAPI,40.937000000000005,4
users.tests.apis.v3.test_user_invites.TestUserInvite,38.811,4
users.tests.signals.test_charge_registration_fee.TestRegistrationFeeFlow,36.134,4
rentals.tests.apis.v3.test_scheduling_station_available_types_at_lead_time.TestGeneralTypeCheckAndAssignmentWithAutoassignAtLeadTime,34.376,4
billing.tests.invoices.test_invoice_filters.InvoiceFilterTestCase,32.891,4
users.tests.apis.v2.test_carsharing_customers.TestDispatcherFilterCustomers,29.960999999999995,4
billing.tests.invoices.test_special_invoices.SpecialInvoiceTestCase,25.108999999999995,4
rentals.tests.apis.v2.test_pricing.TestCarsharingPricing,24.547,4
rentals.tests.apis.v2.test_pricing.TestPricingMock,21.295,4
users.tests.utils.test_user_groups.TestUserGroupCsvRowGeneration,20.146,4
vehicle_lifecycle.tests.test_apis.LifeCycleAPITestCase,18.896000000000004,4
hardware_sdk_otakeys.tests.test_rentals.TestRentalsPayments,18.617,4
vehicle_automation.tests.utils.test_reminder_automation.TestReminderProcessor,16.866000000000003,4
trips.tests.apis.test_scheduled_trip_requests.TestDispatcherScheduledTripRequestCreation,16.098,4
trips.tests.apis.test_trips.TestDropoffOverwritingAsServiceManager,15.421000000000001,4
vehicles.tests.tasks.test_carsharing_vehicles_alerts.TestVehicleTasks,14.887999999999998,4
payments.tests.utils.test_carsharing_payment_utils.TestDarwinPricingScenarios,14.207,4
trips.tests.apis.test_dispatch_trip.OptimizingDispatchTripDriverFilteringTestCase,13.778,4
trips.tests.models.test_trips.TestTripsUtils,13.261999999999999,4
vehicle_lifecycle.tests.test_vehicle_state_sync_api.TestVehicleStateSyncIngestion,12.576999999999998,4
service_regions.tests.tests_special_dispatch_regions.TestPinBasedSpecialDispatchRegionAPIForCustomer,12.502,4
hardware_sdk_geotab.tests.test_carsharing_customers.TestCustomerAPIV2Registration,12.261999999999999,4
promotions.tests.tasks.test_auto_activated_non_mta_promotions.PromotionAutoActivationTest,11.684999999999999,4
rentals.tests.apis.v3.test_availability.TestVehicleTypeAvailabilityWithStackRanking,11.356,4
hardware_sdk_otakeys.tests.test_webhooks.TestOTAKeysSynthesis,11.289000000000001,4
hardware.tests.hal.test_integration.TestIntegration,10.972000000000001,4
payments.tests.utils.test_create_trip_payment.TestTripReceiptSending,10.764999999999999,4
trips.tests.apis.test_trips.TestDropoffOverwritingAsDriver,10.521,4
vehicles.tests.apis.v3.test_registered_hw_devices.TestVehicleRegistration,10.439,4
vehicles.tests.tasks.test_carsharing_vehicles.TestVehicleTasks,9.944000000000004,4
vehicle_assignment_rules.tests.test_vehicle_assignment_rules.TestRulesBaseCase,9.683,4
driver_scheduling.tests.apis.test_slots.TestScheduledTripRequestSlotsAPIAsManager,9.51,4
vehicles.tests.utils.test_hw_devices.TestActivateAndDeactivate,9.343,4
trips.tests.apis.test_trips.TestTripTasksAsDriver,8.938,4
hardware_sdk_mensa.tests.test_webhooks.TestMensaRFIDStartRental,8.895,4
promotions.tests.apis.test_credits.CreditBalanceWithRegistrationCredits,8.74,4
rentals.tests.tasks.test_sms_reminders.TestScheduledRentalReservationSMSesStationBased,8.497,4
ops_center.tests.analytics.test_periscope_dashboard_api.TestPeriscopeDashboard,8.451999999999998,4
vehicles.tests.apis.test_vehicle_types.TestVehicleTypeModel,8.360999999999999,4
fleet_rentals.tests.utils.test_fleet_rental_pricing.FleetRentalPricingTestCase,8.11,4
users.tests.signals.test_registration.TestChargeRegistrationFee,7.94,4
rentals.tests.tasks.test_scheduling.TestDebitFailedPaymentsFlow,7.669,4
hardware_sdk_invers.tests.test_vehicle_actions.TestInversVehicleActionsAPI,7.524,4
ops_center.tests.analytics.test_reports.TestTripReports,7.416,4
trips.tests.apis.test_scheduled_trip_requests.TestDriverScheduledTripRequestClaim,7.329999999999999,4
fleet_rentals.tests.apis.test_fleet_rentals.TestV3FleetRentalReservation,6.928999999999999,4
rider_ivrs.tests.views.test_ivrs.IVRSApiTestCase,6.727,4
services.tests.apis.v3.test_carsharing_services.TestCarsharingServicesAPIV3AsDispatcherInOtherService,6.424999999999999,4
rentals.tests.apis.v3.test_availability.TestStationAvailabilityAPIWithStackRankingForCreatingSRR,6.175999999999999,4
vehicle_lifecycle.tests.test_apis.LifeCycleStageAPITestCase,6.128,4
users.tests.apis.v2.test_carsharing_customers.TestCustomerSearchV2,5.908000000000001,4
billing.tests.invoices.test_invoice_types.InvoiceTypeTestCase,5.79,4
trips.tests.apis.test_dispatch_trip.CompDispatchIntegrationTestCase,5.522,4
users.tests.apis.test_fraud_detection.TestBlockIdentifierAPI,5.462,4
tickets.tests.test_tasks.CreateJobForTicketTest,5.364999999999999,4
vehicle_automation.tests.test_automation_apis.TestOrderingWithVehicleVin,5.276,4
services.tests.apis.v2.test_settings_api.TestRidesharingPricingAsCustomer,5.0760000000000005,4
services.tests.utils.test_tenantconfiguration.TestDefaultRegistrationService,4.914000000000001,4
pricing_engine.tests.test_engine.TestRegionToRegionPricing,4.816999999999999,4
driver_scheduling.tests.apis.test_neighborhood_loading.TestZillowDataGrab,4.747999999999999,4
locations.tests.apis.v3.test_locations.TestLocationAPIAsDispatcher,4.670999999999999,4
vehicle_conditions.tests.apis.test_vehicle_condition.TestVehicleConditionApiFilters,4.65,4
users.tests.apis.v3.test_carsharing_customers.TestApplyReferrals,4.545,4
rentals.tests.apis.v3.test_pricing.TestPricingPlaygroundAPI,4.497,4
trips.tests.apis.test_trips.TestDispatchTripList,4.2989999999999995,4
users.tests.apis.v2.test_carsharing_customers.TestCustomerRunBackgroundCheckAPIV2AsDispatcher,4.29,4
trips.tests.apis.test_trips.TestPastTripsWithFareDetailsAsDispatcher,4.167,4
payments.tests.payment_providers.test_ocean_sl_api.TestOceanSLChargeCustomer,4.119,4
users.tests.third_party.test_checkr.TestMvrOverCustomer,4.104,4
hardware_sdk_otakeys.tests.test_vehicle_utils.TestVehicleUpdates,3.953,4
rentals.tests.tasks.test_rentals.TestAutoCancelRentalTask,3.9170000000000007,4
rentals.tests.apis.v3.test_availability.TestServiceAvailabilityAPIForCreatingSRR,3.786,4
driver_scheduling.tests.models.test_slots.TestScheduledTripRequestSlots,3.7239999999999998,4
trips.tests.apis.test_trips.TestTripListFilteringAsDispatcher,3.7169999999999996,4
users.tests.utils.test_password_utils.PasswordValidatorTestCase,3.5069999999999992,4
stations.tests.test_apis.StationViewSetTestAddRemoveCarsharingServicesForStaffWithLimitedAccess,3.439,4
trips.tests.apis.test_scheduled_trip_requests.TestScheduledTripOptimizingRedispatchUnreadyTrips,3.415,4
phone_messaging.tests.views.test_number_masking.TestNumberMaskingAPI,3.339,4
hardware_sdk_mensa.tests.apis.test_mensa_bluetooth.TestMensaBLESynthesis,3.329,4
trips.tests.tasks.test_trips.TestBlockPricingReminderNotifications,3.2329999999999997,4
trips.tests.models.test_scheduled_trip_requests.TestRecurringScheduledTripRequest,3.2039999999999997,4
vehicle_automation.tests.test_automation_alert_to_job.TestCreateJobWithHigherLevelAlert,3.102,4
services.tests.apis.v2.test_services.TestCarsharingServicesAPIAsServiceManagerInOtherService,3.0749999999999997,4
rider_web.tests.test_web_rider_app.WebRiderAppTestCase,3.0250000000000004,4
vehicle_automation.tests.utils.test_transactional_alerts_jobs_automation.TestTransactionalRuleVehicleNotCleanedXDays,2.9459999999999997,4
locations.tests.apis.test_locations.TestLocationsAPI,2.913,4
vehicles.tests.apis.v3.test_carsharing_vehicle_fuel_cards.TestCarsharingVehicleFuelCardsAPIV3,2.837,4
users.tests.apis.v3.test_carsharing_customers.TestIdentityVerificationV3,2.793,4
tickets.tests.test_v2_apis.TestTicketAPI,2.7910000000000004,4
payments.tests.apis.v3.test_addon.TestAddonTypeAPI,2.7560000000000002,4
users.tests.third_party.test_digisure.TestDigisureMvrOverCustomer,2.718,4
users.tests.third_party.test_jumio.TestJumioDeclinedStatusChangeByCallback,2.6639999999999997,4
hardware_sdk_otakeys.tests.test_rentals.RentalCreationTestCase,2.5949999999999998,4
hardware_sdk_mensa.tests.test_webhooks.TestMensaGetKeys,2.59,4
driver_scheduling.tests.models.test_zones.TestZoneModel,2.569,4
trips.tests.apis.test_trips.TestTripSharing,2.464,4
vehicle_blocks.tests.test_vehicle_blocks.TestCreateVehicleBlockAPIAsWorker,2.4450000000000003,4
rentals.tests.apis.v3.test_scheduling.TestSRDateTimeAPIPeriodTwoPeriodsNonContiguousMidDayBreak,2.408,4
driver_scheduling.tests.apis.test_slots.TestSlotsAPIAsSupplierManager,2.349,4
users.tests.apis.v3.test_customers.TestMarketingManagerPermissionsWithExcel,2.347,4
services.tests.apis.test_outages.TestServiceOutage,2.283,4
vehicle_blocks.tests.test_first_available_slot.TestGetVehicleBlockAPIAsWorker,2.272,4
payments.tests.payment_providers.test_paytm_api.TestPayTMAuthentication,2.232,4
users.tests.signals.test_charge_registration_fee.TestCustomerSignals,2.224,4
users.tests.apis.v2.test_carsharing_customers.TestCustomerAPIMailingAddressGeocodeDisable,2.169,4
hardware_sdk_geotab.tests.test_vendor_tasks.TestBasicTelematicsUpdates,2.157,4
django_utils.tests.utils.test_cache_utils.TestCacheLock,2.131,4
payments_engine.tests.test_paytm_apis.TestPayTMAuthentication,2.088,4
services.tests.apis.test_services.TestServicesAPIForAccessRestrictionsAsServiceManager,2.064,4
manual_identity_verification.tests.api.test_identity_profile.TestIdentityProfileAsDispatcher,2.0149999999999997,4
manual_identity_verification.tests.api.test_document_specification.TestDocumentSpecificationAsDispatcher,1.984,4
afm_integration.tests.test_signals.TestTicketFullyCreatedHandler,1.948,4
payments.tests.apis.v3.test_business_entity.TestBusinessEntityAPIViaBusinessAdmin,1.9400000000000002,4
payments.tests.tasks.test_rental_payments.TestDebitFailedRentalPaymentsSendsScheduledRentalPaymentEventsToDataPipeline,1.926,4
driver_scheduling.tests.apis.test_slots.TestScheduledTripRequestSlotsAPIAsSupplierManager,1.8159999999999998,4
users.tests.apis.v2.test_carsharing_customers.TestProfileCommentsAsDispatch,1.809,4
users.tests.utils.test_password_utils.TestPasswordHistoryValidation,1.782,4
rentals.tests.apis.v3.test_availability.TestVehicleTypePricingAvailability,1.755,4
scripts.requirements.test_requirements.TestRequirementDependencies,1.727,4
rest_utils.tests.test_serializers.TestSerializers,1.678,4
vehicle_automation.tests.utils.test_automation_utils.AutomationUtilsTests,1.6540000000000001,4
locations.tests.apis.v3.test_locations.TestLocationAPIAsCustomer,1.6010000000000002,4
services.tests.tasks.test_carsharing_services.TestCarsharingServiceDataPipelineTask,1.588,4
payments.tests.tasks.test_payments.TestDebitTripCallsPromotionEligibilityTask,1.577,4
rentals.tests.utils.test_carsharing_validation_utils.CarsharingBusinessRentalDeferredPaymentTestCase,1.5659999999999998,4
data_pipeline.tests.models.test_data_pipeline.TestDataPipelineCustomerCreateUpdateEvents,1.508,4
users.tests.models.test_customer_history_2.TestCustomerHistoryManager,1.477,4
users.tests.commands.test_carsharing_customers_sync_rfid_card_ordered.TestSyncRfidCardOrderedCommand,1.461,4
app_logging.tests.apis.test_customer_device_context.TestCustomersDeviceContextAPIAsDispatcher,1.443,4
payments.tests.apis.v3.test_subscription.TestBraintreeSubscriptionAPIAsDispatcher,1.388,4
rentals.tests.apis.v3.test_availability.TestStationAvailabilityAPIForModifyingSRR,1.386,4
vehicle_lifecycle.tests.test_vehicle_state_sync_api.TestVehicleStateSyncKickOff,1.346,4
users.tests.apis.test_customers.TestIdentityAPIAsCustomer,1.322,4
users.tests.apis.v3.test_notifications.TestNotificationsAPIAsDispatcher,1.3159999999999998,4
trips.tests.serializers.test_trips.TestPreserveDispatcherInfo,1.261,4
services.tests.utils.test_system_stat_utils.GetSystemStatusTestCase,1.2429999999999999,4
hardware.tests.hal.test_hardware_apis.TestHardwareAPI,1.213,4
vehicle_lifecycle.tests.test_state_initialization.TestStateInitialization,1.195,4
vehicles.tests.apis.test_vehicle_apis.VehiclesAPITestCaseAsServiceManager,1.165,4
stations.tests.test_validations.TestStationsValidations,1.149,4
django_utils.tests.utils.test_messaging_utils.TestTemplatedMessageRouting,1.1099999999999999,4
services.tests.utils.test_system_stat_utils.IsFifoOrderingEnabledTestCase,1.107,4
users.tests.apis.v2.test_carsharing_customers.TestCustomerRegistrationBlockedIdentity,1.065,4
vehicle_cameras.tests.test_media_utils.TestConvertContainer,1.0390000000000001,4
users.tests.commands.test_init_trms.TestInitTRMS,1.022,4
promotions.tests.utils.test_activate_coupon.TestActivateCoupon,0.987,4
users.tests.apis.test_customers.TestIdentityAPIV3AsCustomer,0.979,4
manual_identity_verification.tests.api.test_identity_profile.TestIdentityProfileAsDispatcherAndCustomer,0.9299999999999999,4
users.tests.apis.v2.test_carsharing_customers.TestCustomerCreationV2AsADispatcher,0.914,4
rentals.tests.apis.v3.test_pricing.TestCarsharingServicesPricingPackagesAPIV3AsDispatcher,0.9,4
users.tests.apis.test_customers.TestCustomersAPIDispatch,0.868,4
users.tests.models.test_customers.CustomerTestCase,0.854,4
payments.tests.apis.test_customers_cards.TestAddInvalidCardToCards,0.821,4
payments.tests.apis.test_customers_cards.TestGetCards,0.797,4
vehicles.tests.models.test_carsharing_vehicles_2.TestCarsharingVehicleIsAvailableAnnotation,0.793,4
users.tests.apis.test_dispatcher_permissions.TestIsDispatcherPermissions,0.765,4
hardware_sdk_mensa.tests.test_mensa_tasks.TestAutoSMSSendToMensaVehicle,0.7510000000000001,4
phone_messaging.tests.tasks.test_sms.SMSSendTestCase,0.744,4
services.tests.signals.test_services.ServiceRegionSignalsTestCase,0.71,4
django_utils.tests.utils.test_middleware.LocaleMiddlewareTestCase,0.706,4
users.tests.third_party.test_checkr.TestCheckrVerification,0.672,4
pricing_engine.tests.test_engine.TestDistanceTravelledLessThanPricingWithBlocks,0.65,4
users.tests.apis.test_customer_logout.TestCustomerLogout,0.626,4
users.tests.tasks.test_user_tasks.TestSendUserLoginNotification,0.622,4
locations.tests.apis.test_locations.TestLocationAPIAsDispatcher,0.599,4
vehicles.tests.signals.test_vehicle_groups.TestVehicleGroupValidations,0.591,4
locations.tests.apis.v3.test_locations.TestLocationAPIAsAnonymous,0.5810000000000001,4
vehicle_automation.tests.test_automations.TestSendEmailNotifications,0.579,4
services.tests.utils.test_tenantconfig_utils.TenantConfigUtilsTests,0.535,4
vehicles.tests.apis.v3.test_registered_hw_devices.TestAsCustomer,0.532,4
hardware_sdk_otakeys.tests.test_utils.TestProcessTelematics,0.502,4
vehicles.tests.apis.v3.test_registered_hw_devices.TestAsDispatcher,0.497,4
users.tests.apis.v2.test_supplier_companies.SupplierCompanyAPITestCaseAsDispatcher,0.494,4
payments.tests.tasks.test_payments.TestCustomerCreditCardActivity,0.481,4
services.tests.apis.v2.test_settings_api.TestTenantConfigAPIViaSuperAdmin,0.473,4
service_regions.tests.test_serviceregions.ServiceRegionTestCase,0.462,4
payments.tests.tasks.test_rental_payments.TestFailedHoldPaymentTasks,0.432,4
vehicles.tests.models.test_carsharing_vehicles.TestVehicles,0.431,4
vehicle_cameras.tests.test_utils.TestDeleteImagesAndVideosFromReports,0.412,4
trips.tests.apis.test_dispatch_trip.TestPickupRequestModel,0.405,4
vehicle_lifecycle.tests.commands.test_create_life_cycle_template.PopulateUserProfileUUIDsTestCase,0.39,4
payments.tests.payment_providers.test_stripe_api.TestManagerPricingFullAccess,0.376,4
users.tests.apis.test_customers.TestCustomersAPIStaff,0.367,4
users.tests.models.test_suppliers.TestSupplierCompanyValetProviderUpdates,0.35600000000000004,4
services.tests.apis.v2.test_services.TestServicesAPIAnonymous,0.348,4
hardware_sdk_otakeys.tests.test_interface.TestRegisterVehicle,0.33699999999999997,4
billing.tests.signals.test_invoice_signals.TestInvoiceSignals,0.334,4
vehicle_automation.tests.test_automations.TestHellaConnectorUtils,0.32,4
uber_integration.tests.test_sync_vehicles_command.SyncVehiclesTest,0.303,4
users.tests.apis.test_feedback.TestFeedback,0.3,4
hardware.tests.test_vendor_client_util.TestLogApiRequest,0.281,4
vehicles.tests.apis.v3.test_event_report_config.TestEventReportConfigAsCustomer,0.279,4
situation_engine.tests.test_engine.TestSituationEngineBasicFunctions,0.276,4
users.tests.models.test_users.TestTriggerMemberUpdateEvent,0.264,4
payments.tests.payment_providers.test_stripe_api.TestProcessCharge,0.257,4
services.tests.utils.test_carsharing_service_utils.TestValidateCustomerServiceExclusiveness,0.242,4
users.tests.apis.v2.test_supplier_companies.TestPermissionsAsSupplierManager,0.216,4
users.tests.models.test_users.PopulateUserProfileUUIDsTestCase,0.199,4
services.tests.models.test_carsharing_services.TestScheduledRentalRequestsType,0.195,4
hardware_sdk_artel.tests.test_artel_hw_signals.TestArtelSignal,0.187,4
websockets.tests.utils.test_websocket_utils.TestWebsocketUserData,0.16599999999999998,4
hardware_sdk_geotab.tests.test_interface.TestVehicleAction,0.16299999999999998,4
calendars.tests.actions.test_actions.TestDefaultPricingAction,0.151,4
pipelines.tests.serializers.v3.test_external_schema.IngestionPayloadSerializerTests,0.148,4
hardware_sdk_geotab.tests.test_webhooks_serializers.TestGeotabNotificationSerializer,0.13899999999999998,4
phone_messaging.tests.tasks.test_smswebhook.TestFireSmsWebhook,0.138,4
rentals.tests.tasks.test_scheduling.TestScheduledRentalsConfirmationAndOpsEmails,0.12,4
uber_integration.tests.test_rentals_api.UberApiAuthenticationTest,0.11599999999999999,4
trips.tests.models.test_trip_queries.TestTripStats,0.10700000000000001,4
services.tests.models.test_markets.TestMarketGeometryFilter,0.1,4
payments.tests.payment_providers.test_stripe_api.TestStripeAPI,0.095,4
vehicle_automation.tests.utils.test_telematics_alerts_jobs_automation.TestEvaluation,0.092,4
locations.tests.models.test_locations.TestGeoFence,0.08700000000000001,4
vehicle_cameras.tests.test_media_utils.TestValidation,0.08600000000000001,4
hardware_sdk_otakeys.tests.test_interface.TestAddRFID,0.07500000000000001,4
pipelines.tests.utils.test_schema_translation_utils.MissingFieldSearchTests,0.07300000000000001,4
payments.tests.serializers.test_payments.TestItemPriceSerializer,0.067,4
hardware_sdk_mensa.tests.test_mensa_tasks.TestMensaDeletePendingDeviceParams,0.066,4
hardware_sdk_otakeys.tests.test_interface.TestRemoveAccessDevice,0.063,4
phone_messaging.tests.models.test_number_masking.TestDataCreateAndDelete,0.057999999999999996,4
hardware_sdk_otakeys.tests.test_webhooks.TestOTAKeysDigitalSignatures,0.052000000000000005,4
promotions.tests.models.test_promotions.TestPromotionServices,0.048,4
payments.tests.utils.test_localized_measurement_units.LocalizedDurationTests,0.042,4
data_pipeline.tests.utils.test_data_pipeline_transport_config_validation.SqsTransportConfigurationValidationTests,0.04,4
django_utils.tests.utils.test_datetime_utils.TestDateTimeRange,0.034000000000000016,4
driver_scheduling.tests.models.test_slots.SlotTestBase,0.027,4
payments.tests.utils.test_fare_utils.PricingTestCase,0.025,4
vehicle_cameras.tests.test_signals.TestVehicleCameraSignals,0.023,4
vehicle_cameras.tests.test_lge_requests.TestRegisterVehicleCamera,0.017,4
locations.tests.serializers.test_locations.TestLocationFetch,0.016,4
payments.tests.utils.test_payment_utils.TestUpdatePaymentWithRefund,0.01,4
hardware_sdk_mensa.tests.test_webhooks_serializers.TestStartRfidRentalSerializer,0.008,4
django_utils.tests.utils.test_cache_utils.TestVersionedCache,0.005,4
data_pipeline.tests.models.test_data_pipeline_registry.DataPipelineRegistryTest,0.004,4
hardware_sdk_mensa.tests.apis.test_mensa_bluetooth.TestRegisterMensaMobileDeviceSerializer,0.003,4
vehicles.tests.migrations.test_vehicletype_migration.VehicleTypeMigrationTestCase,0.002,4
websockets.tests.utils.test_websocket_utils.TestWebsocketUtils,0.001,4
trips.tests.apis.test_scheduled_trip_requests.TestDispatcherScheduledTripRequestModification,111.809,5
trips.tests.apis.test_trips.TestCustomerTripActionAsDispatcher,74.255,5
trips.tests.apis.test_scheduled_trip_requests.TestRecurringTripRequestAsDispatcher,60.528,5
trips.tests.apis.test_trips.TestDriverTripActions,43.583999999999996,5
services.tests.apis.v3.test_carsharing_services.TestCarsharingServicesAPIV3AsAdmin,38.721999999999994,5
trips.tests.apis.test_dispatch_trip.OptimizingDispatchDriverSelectionTestCase,35.499,5
promotions.tests.tasks.test_promotion_eligibility.TestProcessMultiTripAwardPromotionEligibilityTask,34.24399999999999,5
vehicle_automation.tests.utils.test_telematics_alerts_jobs_automation.TestTelematicsToAlertJobGenerator,31.879,5
vehicles.tests.tasks.test_carsharing_vehicles_alerts.TestUpdateVehicleAlertsTask,29.359999999999992,5
users.tests.apis.v3.test_carsharing_customers.TestLinkBusinessProfile,25.377999999999997,5
users.tests.apis.test_customers.TestCustomersAPIDispatcher,23.543,5
vehicle_automation.tests.utils.test_power_lost_telematics_automation.TestTelematicsToAlertJobGenerator,21.727999999999998,5
rentals.tests.apis.v3.test_scheduling.TestScheduledRentalRequestEndTimeUpdateAsDispatcher,20.476,5
users.tests.apis.test_staff.TestStaffAPIAsDispatch,19.113000000000003,5
services.tests.utils.test_carsharing_service_utils.TestFindService,17.77,5
rentals.tests.apis.v3.test_scheduling.TestScheduledRentalUpdateNotifications,17.346999999999998,5
rentals.tests.apis.v3.test_rentals.TestRentalReceipt,16.134,5
users.tests.apis.test_dispatch_drivers.TestDriverCreation,15.637999999999998,5
vehicle_automation.tests.utils.test_transactional_alerts_jobs_automation.TestCancelJobAndAlertForResolvedVehicleConditions,14.982000000000001,5
rentals.tests.apis.v3.test_availability.TestVehicleTypeAvailability,14.202,5
payments.tests.utils.test_carsharing_payment_utils.TestScheduledRentalRequestsPaymentUtilsCreateOveragePayment,13.548999999999998,5
locations.tests.apis.test_locations.TestLocationAliasAPI,13.270999999999997,5
services.tests.apis.v2.test_settings_api.SettingsApiTestCase,12.922,5
rentals.tests.tasks.test_scheduling.TestScheduledRentalsCancellationEmails,12.413,5
users.tests.apis.test_customers.TestCustomersAPI,12.155,5
rentals.tests.apis.v2.test_rentals.TestRentalReceiptOrgMembership,11.735000000000001,5
service_regions.tests.tests_special_dispatch_regions.TestPinBasedSpecialDispatchRegionAPIForDriver,11.374,5
pricing_engine.tests.apis.test_pricing_rules_apis.TestPricingRulesAPI,11.231000000000002,5
rentals.tests.apis.v2.test_scheduled_rentals.TestRentalCreationVerification,11.014000000000001,5
payments.tests.apis.v3.test_subscription.TestStripeSubscriptionAPIAsCustomer,10.77,5
users.tests.apis.v2.test_carsharing_customers.TestCustomerAPIV2RegistrationServiceRegistration,10.573,5
rentals.tests.models.test_rentals.TestScheduledRentalRequests,10.385,5
vehicles.tests.apis.v2.test_carsharing_vehicles.TestVehicleSearch,10.033000000000001,5
payments.tests.apis.test_customers_cards.TestDeleteCard,9.642,5
driver_scheduling.tests.apis.test_neighborhood_loading.TestZillowDataLoadAPI,9.507,5
rentals.tests.apis.v3.test_pricing.TestCarsharingServicesPricingPackagesAPIV3AsCustomer,9.278,5
rentals.tests.apis.v3.test_rental_addons.TestV3RentalAPIAsCustomerWithAddons,9.003,5
services.tests.models.test_carsharing_services.TestScheduledRentalRequestAvailabilitySettings,8.847999999999999,5
pricing_engine.tests.utils.test_criteria_functions.TestTollsCriteriaFunctions,8.743,5
users.tests.third_party.test_samba_safety.TestSambaSafetyMvrOverCustomer,8.546,5
vehicles.tests.apis.v2.test_carsharing_vehicles.TestVehiclesAPI,8.410999999999998,5
trips.tests.apis.test_create_trip.TestTripCreation,8.333,5
payments.tests.utils.test_carsharing_payment_utils.TestAdditionalFeesAndTaxesForPricingSnapshot,8.156,5
rentals.tests.models.test_rentals.TestScheduledRentalRequestsAutomaticAssignment,7.886,5
vehicle_blocks.tests.test_can_create_vehicle_block.TestWorkerCanCreateVehicleBlockAPI,7.705,5
ops_center.tests.analytics.test_carsharing_reports.TestCarsharingReports,7.514,5
users.tests.apis.test_customers.TestCustomerSearch,7.4239999999999995,5
payments.tests.apis.v3.test_addon.TestAddonAPI,7.36,5
trips.tests.apis.test_scheduled_trip_requests.TestDriverScheduledTripRequestList,6.9239999999999995,5
trips.tests.apis.test_dispatch_trip.PickupRequestDispatchTestCase,6.713,5
stations.tests.test_apis.StationViewSetTestAsCustomer,6.361,5
vehicle_automation.tests.utils.test_transactional_alerts_jobs_automation.TestTransactionalRuleRentalCount,6.254,5
users.tests.apis.test_customers.TestCustomerRegistrationInfo,6.078,5
users.tests.apis.v2.test_carsharing_customers.TestCustomerAPIV2MailingAddress,5.933,5
payments.tests.apis.v3.test_membership.TestMembershipAPI,5.84,5
vehicle_blocks.tests.test_can_create_vehicle_block.TestCanCreateVehicleBlockAPI,5.476,5
hardware_sdk_geotab.tests.test_interface.TestReserveVehicle,5.429,5
uber_integration.tests.test_vehicle_integration_api.UberVehicleIntegrationApiTest,5.380000000000001,5
trips.tests.apis.test_scheduled_trip_requests.TestDriverScheduledTripRequestEmergencyCancel,5.2940000000000005,5
users.tests.apis.v3.test_carsharing_customers.TestCarsharingCustomerFiltering,5.068,5
rentals.tests.apis.test_rental_operations.TestRentalAPIOperations,4.975999999999999,5
vehicle_automation.tests.utils.test_telematics_alerts_jobs_automation.TestTelematicsForMultiLevelTrigger,4.809,5
trips.tests.apis.test_trips.TestDropoffOverwritingAsBusinessAdmin,4.736999999999999,5
manual_identity_verification.tests.api.test_identity_profile.TestMIVUploadDocuments,4.652000000000001,5
vehicles.tests.apis.v3.test_event_reports.TestEventReportAsDispatcher,4.614,5
vehicle_automation.tests.utils.test_telematics_alerts_jobs_automation.TestTelematicsAutomationSettingItemQueryset,4.561,5
trips.tests.apis.test_trips.TestTripCreationWithExemptions,4.529999999999999,5
rentals.tests.apis.v3.test_pricing.TestVehicleTypeServicePricingAPI,4.2909999999999995,5
payments.tests.utils.test_payment_utils.TestFareCalculation,4.282,5
rentals.tests.apis.v3.test_availability.TestVehicleTypePricingWithStackRanking,4.149,5
users.tests.apis.test_drivers.TestDriverNearbyApiWithWavesDispatch,4.145,5
rentals.tests.apis.v3.test_scheduling.TestScheduledRentalRequestTimeBlocks,4.027,5
trips.tests.apis.test_scheduled_trip_requests.TestCustomerScheduledTripRequestCancellation,4.0,5
services.tests.apis.v3.test_carsharing_services.BusinessEntityServicesAPIV3TestBase,3.936,5
payments.tests.apis.test_customers_cards.TestHasValidCC,3.777,5
payments.tests.tasks.test_rental_payments.TestDebitFailedRentalPaymentsCallsPromotionEligibilityTask,3.722,5
vehicles.tests.apis.v3.test_vehicle_type_leasing_entity.TestVehicleTypeLeasingEntityAPIV3AsDispatcher,3.6420000000000003,5
rentals.tests.apis.v2.test_rentals.TestRentalAPIV2StationsAsDispatcher,3.545,5
afm_integration.tests.test_afm_rule_engine_serializers.TestJobTicketSerializer,3.469,5
users.tests.apis.test_customers.TestCustomerForgetAPI,3.4210000000000003,5
afm_integration.tests.test_apis.TestMonOffreApis,3.3369999999999997,5
users.tests.utils.test_user_utils.TestUserUtils,3.331,5
rentals.tests.signals.test_rentals.TestRentalSignals,3.228,5
trips.tests.apis.test_scheduled_trip_requests.TestDispatcherScheduledTripRequestCancellation,3.2180000000000004,5
payments.tests.commands.test_update_stripe_default_card.TestUpdateStripeDefaultCard,3.099,5
users.tests.apis.test_dispatch_permissions.TestDispatcherViewPermissions,3.062,5
vehicle_blocks.tests.test_first_available_slot.TestGetVehicleBlockAPI,3.036,5
trips.tests.apis.test_scheduled_trip_requests.TestCustomerScheduledTripAPI,2.9290000000000003,5
hardware_sdk_invers.tests.test_vehicle_register_deregister.TestInversVehicleRegisterDeregister,2.927,5
users.tests.apis.v2.test_supplier_companies.SupplierCompanyAPITestCase,2.8289999999999997,5
users.tests.third_party.test_jumio.TestJumioAcceptedStatusChangeByCallback,2.827,5
hardware_sdk_mensa.tests.test_webhooks.TestMensaSynthesisStripData,2.7710000000000004,5
data_pipeline.tests.utils.test_timestamp_resolution.TimestampResolutionTest,2.7390000000000003,5
hardware_sdk_otakeys.tests.test_webhooks.TestRFIDPushViews,2.733,5
stations.tests.test_validations.TestCalculations,2.635,5
users.tests.apis.v2.test_carsharing_customers.TestCustomerAPIV2OrderRFIDCard,2.631,5
users.tests.apis.test_password_validation.APIPasswordValidationTestCase,2.577,5
users.tests.signals.test_charge_registration_fee.TestServiceRegistrationSignals,2.564,5
ops_center.tests.views.test_live_trip_map.TestLiveMapIsServiceAware,2.467,5
users.tests.apis.test_dispatch_permissions.TestIsDispatcherIPAlertWhitelist,2.455,5
users.tests.apis.v2.test_carsharing_customers.TestCustomerIdentityVerification,2.3970000000000002,5
users.tests.apis.test_customer_user_groups.TestCustomerUserGroupAPIAsCustomer,2.371,5
users.tests.apis.test_whitelisted_ip.TestCountryWhitelist,2.3200000000000003,5
rentals.tests.apis.v3.test_addon_availability.TestAddonAvailabilityWithAddonPrice,2.305,5
hardware_sdk_mensa.tests.test_interface.TestMensaInterface,2.256,5
django_utils.tests.apis.test_documentation.TestSwaggerRendering,2.2350000000000003,5
payments.tests.utils.test_carsharing_payment_utils.TestBlockDiscountPricing,2.218,5
promotions.tests.apis.test_coupons.TestCouponAPIs,2.204,5
vehicles.tests.apis.v3.test_hw_statuses.TestHwStatusesViewSet,2.149,5
promotions.tests.apis.test_promotions.TestEditingPromotionServices,2.112,5
payments.tests.serializers.test_payment_items.PaymentItemSchemaTests,2.0769999999999995,5
promotions.tests.serializers.test_payload_validation.UserListValidationTest,2.0689999999999995,5
service_regions.tests.test_operatingregions.TestV3RegistrationRegionAPI,2.019,5
users.tests.apis.test_customer_user_groups.TestCustomerUserGroupAPIAsDispatcher,1.976,5
services.tests.apis.v2.test_services.TestCarsharingServicesAPIAsDispatcherInOtherService,1.961,5
users.tests.tasks.test_user_timed_password_reset.TestTimedPasswordResetTasks,1.938,5
ops_center.tests.analytics.test_carsharing_reports.TestRentalReport,1.885,5
ops_center.tests.analytics.test_reports.TestTripReportsAPIAsManager,1.861,5
driver_scheduling.tests.apis.test_slots.TestAssignmentsAsSupplierManager,1.792,5
services.tests.apis.v2.test_services.TestCarsharingServicesAPICustomer,1.7919999999999998,5
users.tests.apis.test_carsharing_customers.TestCustomerRegistration,1.7519999999999998,5
vehicles.tests.apis.v3.test_vehicle_type_leasing_entity.TestVehicleTypeLeasingEntityAPIV3,1.7389999999999999,5
users.tests.tasks.test_fraud_prevention.TestBlockIdentifierTasks,1.678,5
rentals.tests.apis.v3.test_pricing.TestScheduledRentalPricingEstimateAPI,1.6360000000000001,5
documents.tests.apis.test_document.TestDocumentGroupAPI,1.607,5
users.tests.signals.test_charge_registration_fee.TestChargeRegistrationFee,1.595,5
driver_scheduling.tests.apis.test_neighborhoods.TestNeighborhoodsAPI,1.5740000000000003,5
hardware_sdk_continental.tests.test_client_session.TestClientSessionAPI,1.5599999999999998,5
promotions.tests.serializers.test_pseudo_credits.PseudoCreditsTest,1.539,5
app_logging.tests.apis.test_app_opens.TestAppOpens,1.463,5
payments.tests.utils.test_carsharing_payment_utils.TestFindPaymentToRefund,1.4500000000000002,5
users.tests.utils.test_user_utils.TestServicesForUser,1.432,5
hardware_sdk_geotab.tests.test_auto_end_rental.TestAutoEndRental,1.401,5
situation_engine.tests.apis.test_apis.TestEngineAPIs,1.363,5
users.tests.apis.v2.test_carsharing_customers.TestCustomerAPIV2DeleteCreditCard,1.358,5
users.tests.apis.test_customers.TestCustomerFinalizeRegistration,1.342,5
hardware_sdk_continental.tests.test_telematics_processing.TestSynthesisProcessing,1.302,5
phone_messaging.tests.views.test_number_masking.TestSipTrunkingAPI,1.2610000000000001,5
uber_integration.tests.test_document_upload_api.UberVehicleDocumentUploadApiTest,1.2599999999999998,5
services.tests.utils.test_system_stat_utils.GetServiceStatusTestCase,1.204,5
trips.tests.models.test_scheduled_trip_requests.TestScheduledTripRequestAutoCancellation,1.179,5
payments.tests.models.test_rental_payments.TestCarsharingPaymentProperties,1.174,5
payments.tests.apis.v3.test_plan.TestPlanAPIAsCustomer,1.146,5
service_regions.tests.test_operatingregions.TestOperatingRegionAPI,1.125,5
users.tests.apis.test_user_groups.TestUserGroupAPI,1.097,5
users.tests.apis.test_customer_user_groups.TestCustomerUserGroupAPIAsManager,1.063,5
payments.tests.signals.test_credit_cards.TestCreditCardSignalsSkipChargingBusinessCards,1.035,5
stations.tests.test_validations.TestStationsShapes,1.028,5
services.tests.apis.test_services.TestRidesharingServiceAPIForCustomer,0.9850000000000001,5
trips.tests.apis.test_referrals.TestBusTrackingReferralAPI,0.97,5
payments.tests.apis.v2.test_payments.TestPricingBlockForPricingSnapshot,0.937,5
services.tests.apis.v3.test_markets.TestMarketAPIListFilteringByServiceId,0.9239999999999999,5
users.tests.apis.v2.test_supplier_companies.TestServiceTypeAPIV2AsDispatcher,0.895,5
trips.tests.utils.test_notifications.NotificationTestCase,0.866,5
driver_scheduling.tests.models.test_slots.ScheduledTripRequestSlotTestBase,0.8519999999999999,5
users.tests.signals.test_carsharing_customers.TestCustomerSignals,0.8210000000000001,5
payments.tests.models.test_payments.TestCurrencyDisplay,0.819,5
vehicles.tests.utils.test_bulk_import_vehicles.TestBulkImportWithHWRegistration,0.7819999999999999,5
users.tests.tasks.test_drivers.TestDriverTasks,0.758,5
summon_platform.tests.test_json_logger.TestJsonLogger,0.75,5
payments.tests.utils.test_payment_utils.TestPaymentAuth,0.735,5
vehicle_automation.tests.test_automation_alert_to_job.TestCancelJobForClosedAlert,0.728,5
payments.tests.models.test_payments.TestVersionModels,0.6940000000000001,5
calendars.tests.models.test_period_queryset.PeriodSoftDeleteTests,0.678,5
trips.tests.apis.test_scheduled_trip_requests.TestDriverManagerScheduledTripRequestConfirm,0.643,5
vehicle_blocks.tests.test_vehicle_blocks.TestGetVehicleBlockAPIAsWorker,0.629,5
users.tests.tasks.test_user_groups.RemoveCustomersFromExpiredGroupsTestCase,0.618,5
service_regions.tests.test_serviceregions.TestAPIAsServiceManager,0.6,5
facilities_integration.tests.apis.v3.test_apis.TestFacility,0.5920000000000001,5
vehicle_conditions.tests.apis.test_vehicle_condition.TestVehicleConditionIncidentApiAsCustomer,0.583,5
promotions.tests.serializers.test_service_based_access_control.TestServiceIdsValidation,0.5630000000000001,5
payments.tests.apis.test_customers_cards.TestGetCardDetails,0.547,5
services.tests.signals.test_services.ServiceSignalsTestCase,0.532,5
hardware_sdk_otakeys.tests.test_utils.OdometerJumpingTestCase,0.507,5
promotions.tests.serializers.test_service_based_access_control.TestPromotionsEditAccessForStaff,0.496,5
users.tests.apis.v3.test_carsharing_customers.TestCustomerHistory,0.49,5
services.tests.models.test_markets.MarketTestCase,0.487,5
vehicles.tests.apis.v3.test_vehicles.TestVehicleTypeAsDispatcher,0.471,5
users.tests.utils.test_user_utils.TestPermissionsMethods,0.449,5
rentals.tests.utils.test_gps_augmentation_utils.TestUtils,0.44799999999999995,5
users.tests.apis.test_customers.TestIdentityAPIAsDispatcher,0.428,5
hardware_sdk_mensa.tests.test_interface.TestAddBleKeyMidRental,0.408,5
users.tests.apis.v3.test_drivers.TestGPSLocationSearch,0.406,5
users.tests.tasks.test_customerio.TestCustomerIOTriggerSelectionDuringMigration,0.395,5
promotions.tests.models.test_credits.CreditManagerTestCase,0.374,5
data_pipeline.tests.models.test_data_pipeline.TestBusinessRentalReasonToDataPipeline,0.366,5
hardware_sdk_mensa.tests.test_webhooks.TestMensaPushCCMVersion,0.3519999999999999,5
payments.tests.tasks.test_payments.TestChargeTripCancellationFeeTask,0.349,5
payments.tests.utils.test_carsharing_payment_utils.TestBuildOnDemandRentalReceiptData,0.34299999999999997,5
users.tests.models.test_customers.CustomerQuerySetTestCase,0.325,5
stations.tests.test_apis.TagTypesViewSet,0.323,5
services.tests.serializers.test_configurations.TestTenantConfigurationsSerializer,0.311,5
service_regions.tests.test_serviceregions.LocationTestCase,0.289,5
service_regions.tests.test_registrationregions.TestV3RegistrationRegionAPI,0.287,5
hardware_sdk_geotab.tests.test_offline_tags_storage_tasks.TestOfflineStorageVKCreation,0.27899999999999997,5
vehicles.tests.apis.v3.test_carsharing_vehicles.TestVehicleDamageScreenInfo,0.273,5
calendars.tests.tasks.test_tasks.TestCalendarSchedulingTaskForCarsharingPricing,0.272,5
vehicles.tests.apis.v3.test_carsharing_vehicles.VehiclesV1APITestCase,0.247,5
services.tests.apis.v3.test_markets.TestMarketAPIListFilteringByGeometry,0.244,5
rest_utils.tests.v3.test_permissions.TestRoleRequiredFilterBackend,0.232,5
hardware_sdk_mensa.tests.test_webhooks.TestPushAuthentication,0.197,5
calendars.tests.tasks.test_tasks.TestCalendarSchedulingTaskForSSR,0.188,5
hardware_sdk_dummyhw.tests.test_dummy_hw_signals.TestDummyHWSignal,0.185,5
calendars.tests.actions.test_actions.TestActiveSSRAction,0.164,5
payments.tests.serializers.test_payment_packages.PricingPackagesListSchemaTests,0.154,5
vehicle_lifecycle.tests.test_state_parsing.TestRecordSchemas,0.154,5
rentals.tests.tasks.test_scheduling.TestSchedulingTasksCleanUp,0.151,5
static_asset_utils.tests.tasks.test_images.TestVehicleImages,0.14400000000000002,5
maps.tests.utils.test_travel_durations.TestDirectionsPerTransportMode,0.122,5
vehicle_cameras.tests.test_tasks.TestNewEventsTaskDashcam,0.122,5
users.tests.tasks.test_user_activities.TestSendUserActivityEmail,0.12,5
trips.tests.models.test_trip_queries.TestTripQueries,0.11000000000000001,5
hardware_sdk_otakeys.tests.test_interface.TestAddAccessDevice,0.10300000000000001,5
hardware_sdk_geotab.tests.test_interface.TestVirtualKeyFunctions,0.098,5
locations.tests.serializers.test_locations.TestLocationSerializer,0.091,5
uber_integration.tests.test_oauth_authenticate.UberCreateCustomerPOSTTest,0.087,5
afm_integration.tests.test_svc_tenant_config.TestTenantConfigManangement,0.082,5
pipelines.tests.serializers.v3.test_external_schema.ExternalSchemaSerializerTests,0.079,5
hardware_sdk_geotab.tests.test_interface.TestUnlockMobilize,0.07200000000000001,5
carsharing.tests.test_management_commands.TestMigrateMarkerTypeToVehicleModelCommand,0.069,5
pipelines.tests.utils.test_schema_translation_utils.SchemaTranslationTests,0.065,5
users.tests.apis.test_customers.TestIdentityAPIAsAnonymous,0.062,5
ops_center.tests.apis.v3.test_service_prefences.TestOpsCenterServicePreferencesAPIForAnon,0.058,5
trips.tests.models.test_trip_queries.TestTripUnits,0.053,5
vehicle_automation.tests.test_automations.TestDTCAutomationSettingItem,0.046,5
hardware_sdk_continental.tests.test_reservation_flow.TestReservationAPI,0.044,5
data_pipeline.tests.utils.test_timestamp_resolution.DatetimeSerializationTests,0.04,5
payments.tests.payment_providers.test_stripe_api.TestStripeCustomerModify,0.032,5
payments.tests.serializers.test_payment_packages.PricingPackageItemSchemaTests,0.028000000000000004,5
hardware_sdk_geotab.tests.test_interface.TestGetRentalSummary,0.025,5
rentals.tests.serializers.test_contract_scheduled_rentals_requests.TestScheduledRentalRequestUserGroupExemption,0.023,5
hardware_sdk_mensa.tests.test_webhooks_serializers.TestCCMVersionSerializer,0.02,5
users.tests.utils.test_notifications.UserResetPasswordTestCase,0.015,5
hardware_sdk_mensa.tests.test_webhooks_serializers.TestAssetIdMixin,0.009000000000000001,5
django_utils.tests.test_utils.TestPhoneNumberFormatting,0.007,5
calendars.tests.test_recurrence_schema.RecurrenceRuleSchemaTests,0.006,5
services.tests.utils.test_view_utils.TestGetPasswordRules,0.004,5
django_utils.tests.utils.test_datetime_utils.TestConvertSecondsToHoursMinutesAndSeconds,0.002,5
hardware_sdk_mensa.tests.test_webhooks.TestCustomErrorHandling,0.002,5
payments.tests.utils.test_payment_utils.TestNegativeAdditionalFees,0.001,5
